region,solar_day,distance_px,n_pixels,nbart_blue,nbart_green,nbart_red,nbart_red_edge_1,nbart_red_edge_2,nbart_red_edge_3,nbart_nir_1,nbart_nir_2,nbart_swir_2,nbart_swir_3
tas_west_cloud,2023-06-01,1,737,1.705069124423963,1.8035264483627205,2.0414201183431953,1.4745454545454546,1.2919254658385093,1.2777101096224117,1.3463143254520167,1.280701754385965,1.834862385321101,2.1594827586206895
tas_west_cloud,2023-06-01,2,767,1.6359447004608294,1.7027707808564232,1.8994082840236686,1.430909090909091,1.2459627329192546,1.2192448233861144,1.2865090403337969,1.2292397660818712,1.7553516819571866,2.0948275862068964
tas_west_cloud,2023-06-01,3,1018,1.5806451612903225,1.649874055415617,1.8076923076923077,1.4072727272727272,1.2472049689440994,1.220462850182704,1.2816411682892908,1.2292397660818712,1.614678899082569,1.9439655172413792
tas_west_cloud,2023-06-01,4,1118,1.5921658986175116,1.6272040302267003,1.7692307692307692,1.410909090909091,1.2484472049689441,1.2119366626065773,1.2510431154381085,1.1976608187134503,1.6085626911314985,1.8857758620689655
tas_west_cloud,2023-06-01,5,1495,1.5944700460829493,1.6397984886649875,1.757396449704142,1.4,1.2434782608695651,1.1997563946406822,1.2531293463143254,1.1883040935672515,1.5688073394495412,1.8146551724137931
tas_west_cloud,2023-06-01,6,1319,1.6013824884792627,1.6397984886649875,1.7485207100591715,1.4236363636363636,1.2534161490683229,1.2046285018270402,1.2642559109874827,1.2035087719298245,1.5504587155963303,1.771551724137931
tas_west_cloud,2023-06-01,7,1351,1.5921658986175116,1.6322418136020151,1.7840236686390532,1.3927272727272728,1.2596273291925466,1.2168087697929355,1.3087621696801113,1.2280701754385965,1.5382262996941896,1.7413793103448276
tas_west_cloud,2023-06-01,8,1539,1.5944700460829493,1.6272040302267003,1.7455621301775148,1.3872727272727272,1.2583850931677019,1.2216808769792935,1.3045897079276774,1.2198830409356725,1.5596330275229358,1.7198275862068966
tas_west_cloud,2023-06-01,9,1505,1.587557603686636,1.6246851385390428,1.7366863905325445,1.3909090909090909,1.2720496894409938,1.2302070645554202,1.3045897079276774,1.2304093567251462,1.547400611620795,1.6810344827586208
tas_west_cloud,2023-06-01,10,1543,1.5691244239631337,1.5944584382871536,1.698224852071006,1.3872727272727272,1.270807453416149,1.227771010962241,1.2753824756606398,1.2280701754385965,1.4617737003058104,1.5862068965517242
tas_west_cloud,2023-06-01,11,1257,1.4539170506912442,1.4836272040302267,1.5562130177514792,1.329090909090909,1.2372670807453416,1.194884287454324,1.1988873435326843,1.1976608187134503,1.3516819571865444,1.4482758620689655
tas_west_cloud,2023-06-01,12,1233,1.3940092165898617,1.3954659949622166,1.467455621301775,1.3163636363636364,1.2161490683229814,1.1863580998781973,1.172461752433936,1.191812865497076,1.327217125382263,1.4267241379310345
tas_west_cloud,2023-06-11,1,7208,2.5237226277372264,2.807926829268293,3.4987405541561714,2.545323741007194,1.8474195961106956,1.754185963662273,2.0545158665581775,1.7401524777636594,2.6050632911392406,3.791079812206573
tas_west_cloud,2023-06-11,2,6236,2.414233576642336,2.654471544715447,3.2317380352644838,2.437410071942446,1.7913238593866867,1.711435696473103,2.013018714401953,1.7007623888182972,2.5151898734177216,3.6056338028169015
tas_west_cloud,2023-06-11,3,6787,2.3065693430656933,2.522357723577236,2.9874055415617127,2.2719424460431656,1.7180254300673148,1.6572853580334876,1.982912937347437,1.653748411689962,2.3772151898734175,3.3309859154929575
tas_west_cloud,2023-06-11,4,5823,2.1697080291970803,2.361788617886179,2.783375314861461,2.135251798561151,1.6641735228122663,1.608835055219095,1.9292107404393817,1.6111817026683608,2.2468354430379747,3.096244131455399
tas_west_cloud,2023-06-11,5,6373,2.0255474452554743,2.207317073170732,2.579345088161209,2.046043165467626,1.617801047120419,1.5703598147488422,1.868185516680228,1.5762388818297333,2.1670886075949367,2.915492957746479
tas_west_cloud,2023-06-11,6,4786,1.8941605839416058,2.0813008130081303,2.429471032745592,1.9553956834532373,1.574420344053852,1.532597078731742,1.8083807973962571,1.5355781448538754,2.0848101265822785,2.7300469483568075
tas_west_cloud,2023-06-11,7,4167,1.812043795620438,1.975609756097561,2.3148614609571787,1.8748201438848922,1.531787584143605,1.4926968293551834,1.7607811228641173,1.5095298602287166,2.0037974683544304,2.556338028169014
tas_west_cloud,2023-06-11,8,4202,1.7408759124087592,1.9004065040650406,2.206549118387909,1.80431654676259,1.5026178010471205,1.4641966512290703,1.7152156224572823,1.4879288437102922,1.9468354430379746,2.426056338028169
tas_west_cloud,2023-06-11,9,3748,1.687956204379562,1.8333333333333333,2.1171284634760705,1.7323741007194244,1.4764397905759161,1.4406840042750266,1.6965012205044752,1.4656925031766201,1.8670886075949367,2.2816901408450705
tas_west_cloud,2023-06-11,10,3345,1.6003649635036497,1.733739837398374,2.005037783375315,1.6992805755395683,1.4517576664173524,1.42643391521197,1.6655817737998373,1.4390088945362134,1.8240506329113924,2.1854460093896715
tas_west_cloud,2023-06-11,11,2638,1.5045620437956204,1.6432926829268293,1.850125944584383,1.6510791366906474,1.4274495138369483,1.4114713216957606,1.6053702196908055,1.4301143583227447,1.7531645569620253,2.032863849765258
tas_west_cloud,2023-06-11,12,2424,1.4562043795620438,1.579268292682927,1.779596977329975,1.602158273381295,1.4147344801795063,1.4022087638047738,1.5711960943856793,1.4170902160101653,1.7151898734177216,1.9530516431924883
tas_west_cloud,2023-06-16,1,5872,2.3241758241758244,2.6486486486486487,3.4133333333333336,2.1338199513381997,1.5463812436289501,1.4742750233863424,2.105510752688172,1.4429967426710097,2.3491803278688526,3.0984251968503935
tas_west_cloud,2023-06-16,2,5768,2.0274725274725274,2.324324324324324,2.86,1.9878345498783454,1.5188583078491336,1.4667913938260055,2.0611559139784945,1.4470684039087949,2.2131147540983607,2.7874015748031495
tas_west_cloud,2023-06-16,3,6953,1.8131868131868132,2.081081081081081,2.466666666666667,1.8102189781021898,1.508664627930683,1.4742750233863424,2.0416666666666665,1.4560260586319218,2.0508196721311474,2.4960629921259843
tas_west_cloud,2023-06-16,4,6564,1.6813186813186813,1.9405405405405405,2.1866666666666665,1.6812652068126521,1.4984709480122325,1.471468662301216,2.0120967741935485,1.4560260586319218,1.9245901639344263,2.2559055118110236
tas_west_cloud,2023-06-16,5,7645,1.5824175824175823,1.8108108108108107,2.006666666666667,1.6131386861313868,1.490316004077472,1.4733395696913003,1.9959677419354838,1.4657980456026058,1.8360655737704918,2.0866141732283463
tas_west_cloud,2023-06-16,6,6212,1.510989010989011,1.7405405405405405,1.8633333333333333,1.5571776155717763,1.492354740061162,1.4845650140318054,2.0161290322580645,1.477198697068404,1.7647540983606558,1.952755905511811
tas_west_cloud,2023-06-16,7,5797,1.467032967032967,1.691891891891892,1.7866666666666666,1.510948905109489,1.490316004077472,1.4883068288119738,2.0376344086021505,1.476384364820847,1.7081967213114755,1.8385826771653544
tas_west_cloud,2023-06-16,8,6295,1.4175824175824177,1.627027027027027,1.6866666666666668,1.467153284671533,1.4678899082568808,1.471468662301216,2.0228494623655915,1.4706840390879479,1.6655737704918032,1.7716535433070866
tas_west_cloud,2023-06-16,9,6013,1.3681318681318682,1.5837837837837838,1.64,1.4209245742092458,1.4475025484199797,1.4546304957904583,1.98252688172043,1.456840390879479,1.6,1.6771653543307086
tas_west_cloud,2023-06-16,10,5823,1.3406593406593406,1.5621621621621622,1.62,1.4184914841849148,1.4576962283384303,1.4593077642656689,1.9865591397849462,1.4641693811074918,1.5704918032786885,1.6456692913385826
tas_west_cloud,2023-06-16,11,4728,1.3186813186813187,1.5351351351351352,1.5866666666666667,1.3965936739659368,1.4464831804281346,1.4349859681945745,1.9563172043010753,1.4446254071661238,1.5278688524590165,1.610236220472441
tas_west_cloud,2023-06-16,12,4390,1.3021978021978022,1.5135135135135136,1.5333333333333334,1.3832116788321167,1.4480122324159022,1.4555659494855004,1.9724462365591398,1.4694625407166124,1.5008196721311475,1.5669291338582678
tas_west_cloud,2023-06-26,8,336,1.0041237113402062,1.011124845488257,1.0170623145400592,1.0367298578199051,1.0634495084897229,1.0686886708296164,1.0075555555555555,1.086754126110876,1.1096153846153847,1.2295321637426901
tas_west_cloud,2023-06-26,9,371,1.0237113402061855,1.0271940667490729,1.0311572700296736,1.0308056872037914,1.0571939231456657,1.0695807314897412,1.0275555555555556,1.079983072365637,1.103846153846154,1.195906432748538
tas_west_cloud,2023-06-26,10,400,0.9969072164948454,1.015451174289246,1.0163204747774481,1.0296208530805686,1.0531724754244862,1.056199821587868,1.0177777777777777,1.0825222175201015,1.0961538461538463,1.1198830409356726
tas_west_cloud,2023-06-26,11,411,1.0185567010309278,1.023485784919654,1.0311572700296736,1.0296208530805686,1.0580875781948167,1.0588760035682427,1.0257777777777777,1.0579771476936097,1.0980769230769232,1.090643274853801
tas_west_cloud,2023-06-26,12,429,1.0288659793814432,1.045735475896168,1.0341246290801187,1.0343601895734598,1.0509383378016086,1.0365744870651203,1.0302222222222222,1.041049513330512,1.0692307692307692,1.0204678362573099
tas_west_cloud,2023-07-01,1,5992,3.1770833333333335,3.5141643059490084,4.379928315412187,2.8061749571183534,1.8809293320425944,1.7363374880153404,1.8431845597104946,1.659070990359334,3.13125,4.310077519379845
tas_west_cloud,2023-07-01,2,4622,2.824074074074074,3.1189801699716715,3.8422939068100357,2.5814751286449398,1.7454017424975798,1.613614573346117,1.7177322074788903,1.5552147239263803,2.8666666666666667,3.9864341085271318
tas_west_cloud,2023-07-01,3,4129,2.3356481481481484,2.5127478753541075,3.043010752688172,2.0926243567753002,1.4540174249757987,1.361457334611697,1.505428226779252,1.315512708150745,2.2875,3.1705426356589146
tas_west_cloud,2023-07-01,4,2913,2.0555555555555554,2.178470254957507,2.5627240143369177,1.7135506003430532,1.2671829622458857,1.2157238734419942,1.3763570566948131,1.1814198071866784,1.8333333333333333,2.492248062015504
tas_west_cloud,2023-07-01,5,2801,1.8263888888888888,1.9093484419263456,2.2652329749103943,1.5265866209262435,1.1577928363988383,1.1140939597315436,1.290711700844391,1.0937773882559159,1.6270833333333334,2.050387596899225
tas_west_cloud,2023-07-01,6,1986,1.7256944444444444,1.774787535410765,2.025089605734767,1.4168096054888508,1.1093901258470473,1.0680728667305848,1.2430639324487334,1.046450482033304,1.50625,1.813953488372093
tas_west_cloud,2023-07-01,7,1740,1.5787037037037037,1.5920679886685551,1.7706093189964158,1.2795883361921099,1.0464666021297193,0.9961649089165868,1.1737032569360675,0.9815950920245399,1.3760416666666666,1.560077519379845
tas_west_cloud,2023-07-01,8,1851,1.4097222222222223,1.424929178470255,1.6021505376344085,1.1801029159519725,1.0058083252662149,0.9568552253116012,1.0916767189384802,0.9412795793163892,1.2291666666666667,1.437984496124031
tas_west_cloud,2023-07-01,9,1713,1.3009259259259258,1.320113314447592,1.4659498207885304,1.1440823327615781,0.9961277831558567,0.9511025886864813,1.0217129071170084,0.9333917616126205,1.1895833333333334,1.3643410852713178
tas_west_cloud,2023-07-01,10,1706,1.2824074074074074,1.2946175637393769,1.4086021505376345,1.1518010291595198,0.9961277831558567,0.962607861936721,1.0446320868516286,0.9504820333041192,1.215625,1.3372093023255813
tas_west_cloud,2023-07-01,11,1394,1.2303240740740742,1.2209631728045325,1.3279569892473118,1.1234991423670668,1.0029041626331074,0.9808245445829339,0.996984318455971,0.9640666082383874,1.1885416666666666,1.3255813953488371
tas_west_cloud,2023-07-01,12,1339,1.2291666666666667,1.226628895184136,1.3261648745519714,1.1252144082332762,1.0145208131655372,0.9923298178331735,0.9879372738238842,0.9780893952673094,1.16875,1.317829457364341
tas_west_cloud,2023-07-06,1,41624,1.4625,1.2912280701754386,1.41991341991342,1.1739811912225706,1.0148809523809523,0.9911688311688311,1.1451304901336727,0.9896629213483146,1.1794392523364485,1.283797729618163
tas_west_cloud,2023-07-06,2,28305,1.5875,1.407017543859649,1.5497835497835497,1.213166144200627,1.0696428571428571,1.0451948051948052,1.2998090388287715,1.0462921348314607,1.2233644859813084,1.3271413828689371
tas_west_cloud,2023-07-06,3,21821,1.6125,1.424561403508772,1.58008658008658,1.2366771159874608,1.1083333333333334,1.0815584415584416,1.3373647358370464,1.084494382022472,1.2579439252336448,1.3539731682146543
tas_west_cloud,2023-07-06,4,12049,1.5625,1.3859649122807018,1.5367965367965368,1.2053291536050157,1.0958333333333334,1.0654545454545454,1.3246339910884786,1.0669662921348315,1.2280373831775702,1.3209494324045408
tas_west_cloud,2023-07-06,5,7966,1.50625,1.3368421052631578,1.4718614718614718,1.1598746081504703,1.0595238095238095,1.0301298701298702,1.2667091024824952,1.0256179775280898,1.1616822429906541,1.2724458204334366
tas_west_cloud,2023-07-06,6,3925,1.4375,1.2736842105263158,1.4112554112554112,1.1050156739811912,1.0136904761904761,0.985974025974026,1.1935073201782305,0.9838202247191011,1.1009345794392524,1.2115583075335397
tas_west_cloud,2023-07-06,7,2724,1.425,1.2421052631578948,1.406926406926407,1.0815047021943573,0.993452380952381,0.9657142857142857,1.143857415658816,0.9570786516853933,1.0700934579439252,1.1898864809081526
tas_west_cloud,2023-07-06,8,2262,1.3875,1.2210526315789474,1.3722943722943723,1.0760188087774294,0.9898809523809524,0.9724675324675325,1.1234882240611075,0.964494382022472,1.0509345794392524,1.1682146542827658
tas_west_cloud,2023-07-06,9,1748,1.2875,1.182456140350877,1.341991341991342,1.0721003134796239,0.9925595238095238,0.9802597402597403,1.1400381922342457,0.9732584269662922,1.05,1.1661506707946336
tas_west_cloud,2023-07-06,10,1469,1.25,1.1473684210526316,1.277056277056277,1.0689655172413792,0.9880952380952381,0.9724675324675325,1.098026734563972,0.9788764044943821,1.04392523364486,1.1475748194014448
tas_west_cloud,2023-07-06,11,1096,1.24375,1.1526315789473685,1.251082251082251,1.09717868338558,0.9979166666666667,0.9935064935064936,1.0986632718014004,0.9847191011235955,1.0598130841121496,1.1259029927760578
tas_west_cloud,2023-07-06,12,922,1.14375,1.0789473684210527,1.1601731601731602,1.0799373040752351,1.0291666666666666,1.0197402597402598,1.088160407383832,1.0202247191011236,1.0742990654205606,1.0866873065015479
tas_west_cloud,2023-07-21,1,10545,2.4842105263157896,2.477272727272727,2.746268656716418,2.119047619047619,1.6787190082644627,1.6416015625,1.8657865786578658,1.6423670668953687,2.311111111111111,2.944206008583691
tas_west_cloud,2023-07-21,2,9647,2.221052631578947,2.2045454545454546,2.4029850746268657,1.9785714285714286,1.6549586776859504,1.6201171875,1.823982398239824,1.6260720411663807,2.1925925925925926,2.708154506437768
tas_west_cloud,2023-07-21,3,11044,1.9578947368421054,1.9772727272727273,2.1044776119402986,1.8142857142857143,1.6084710743801653,1.5859375,1.786028602860286,1.5900514579759863,2.0444444444444443,2.407725321888412
tas_west_cloud,2023-07-21,4,9781,1.7789473684210526,1.8181818181818181,1.8855721393034826,1.7023809523809523,1.5764462809917354,1.55859375,1.7601760176017602,1.5797598627787306,1.95,2.2060085836909873
tas_west_cloud,2023-07-21,5,10957,1.6631578947368422,1.709090909090909,1.7462686567164178,1.619047619047619,1.5485537190082646,1.5390625,1.7447744774477447,1.5591766723842195,1.8462962962962963,2.0085836909871246
tas_west_cloud,2023-07-21,6,8440,1.568421052631579,1.6181818181818182,1.6417910447761195,1.5523809523809524,1.5227272727272727,1.5283203125,1.7392739273927393,1.5548885077186965,1.7722222222222221,1.888412017167382
tas_west_cloud,2023-07-21,7,7737,1.5157894736842106,1.5818181818181818,1.5820895522388059,1.5023809523809524,1.5020661157024793,1.5107421875,1.7095709570957096,1.5445969125214407,1.7259259259259259,1.798283261802575
tas_west_cloud,2023-07-21,8,8235,1.4789473684210526,1.55,1.5472636815920398,1.4833333333333334,1.4927685950413223,1.4990234375,1.6875687568756876,1.5317324185248713,1.6814814814814816,1.7210300429184548
tas_west_cloud,2023-07-21,9,7703,1.436842105263158,1.5045454545454546,1.5024875621890548,1.4619047619047618,1.4917355371900827,1.498046875,1.658965896589659,1.5274442538593482,1.637037037037037,1.6566523605150214
tas_west_cloud,2023-07-21,10,7147,1.3789473684210527,1.4545454545454546,1.4527363184079602,1.4214285714285715,1.4721074380165289,1.4794921875,1.646864686468647,1.5111492281303602,1.6018518518518519,1.613733905579399
tas_west_cloud,2023-07-21,11,5525,1.3157894736842106,1.4045454545454545,1.4029850746268657,1.4047619047619047,1.4545454545454546,1.4765625,1.6094609460946094,1.4974271012006861,1.5833333333333333,1.5622317596566524
tas_west_cloud,2023-07-21,12,5005,1.2578947368421052,1.3590909090909091,1.3532338308457712,1.369047619047619,1.427685950413223,1.4423828125,1.5731573157315732,1.4622641509433962,1.548148148148148,1.51931330472103
tas_west_cloud,2023-08-15,1,3324,2.9339622641509435,2.2406716417910446,2.675675675675676,1.6955684007707128,1.118867924528302,1.0703534031413613,1.0390428211586902,1.0545197740112995,1.3903743315508021,2.0827250608272507
tas_west_cloud,2023-08-15,2,3161,2.4150943396226414,1.9402985074626866,2.2837837837837838,1.6165703275529866,1.1124528301886794,1.0667539267015707,1.0390428211586902,1.0508474576271187,1.423529411764706,2.0145985401459856
tas_west_cloud,2023-08-15,3,3824,2.0314465408805034,1.6902985074626866,1.945945945945946,1.4710982658959537,1.12,1.0732984293193717,1.0453400503778338,1.0491525423728814,1.3336898395721926,1.8126520681265206
tas_west_cloud,2023-08-15,4,3604,1.7452830188679245,1.5149253731343284,1.7837837837837838,1.394990366088632,1.129433962264151,1.0821335078534031,1.0695843828715366,1.0632768361581921,1.3144385026737968,1.7007299270072993
tas_west_cloud,2023-08-15,5,4450,1.5534591194968554,1.3973880597014925,1.6238738738738738,1.323699421965318,1.1177358490566038,1.0798429319371727,1.0654911838790933,1.062994350282486,1.2588235294117647,1.5583941605839415
tas_west_cloud,2023-08-15,6,3783,1.4276729559748427,1.3134328358208955,1.490990990990991,1.254335260115607,1.098867924528302,1.067408376963351,1.057934508816121,1.047457627118644,1.2171122994652406,1.4476885644768855
tas_west_cloud,2023-08-15,7,3741,1.3522012578616351,1.257462686567164,1.3963963963963963,1.2177263969171483,1.080754716981132,1.0628272251308901,1.0447103274559193,1.051412429378531,1.1903743315508022,1.3795620437956204
tas_west_cloud,2023-08-15,8,4332,1.2767295597484276,1.212686567164179,1.3355855855855856,1.1830443159922928,1.0716981132075472,1.0615183246073299,1.047544080604534,1.048587570621469,1.1689839572192513,1.3454987834549879
tas_west_cloud,2023-08-15,9,4383,1.2389937106918238,1.164179104477612,1.2747747747747749,1.1483622350674374,1.0724528301886793,1.0634816753926701,1.0604534005037782,1.0525423728813559,1.1475935828877006,1.2822384428223845
tas_west_cloud,2023-08-15,10,4444,1.20125786163522,1.164179104477612,1.2342342342342343,1.1396917148362236,1.0769811320754716,1.068062827225131,1.0702141057934509,1.0615819209039548,1.1294117647058823,1.2481751824817517
tas_west_cloud,2023-08-15,11,3726,1.1446540880503144,1.126865671641791,1.1846846846846846,1.1078998073217727,1.0769811320754716,1.068062827225131,1.0673803526448362,1.0655367231638417,1.116042780748663,1.2068126520681266
tas_west_cloud,2023-08-15,12,3614,1.1226415094339623,1.1007462686567164,1.1441441441441442,1.0886319845857417,1.079245283018868,1.0713350785340314,1.0680100755667505,1.0666666666666667,1.1010695187165775,1.1897810218978102
tas_west_cloud,2023-08-30,1,4452,1.8823529411764706,2.1697722567287783,2.6117021276595747,2.594298245614035,2.435158501440922,2.4199192462987886,2.4496732026143793,2.527180783817952,3.939799331103679,5.5
tas_west_cloud,2023-08-30,2,3691,1.768166089965398,1.9979296066252588,2.377659574468085,2.4342105263157894,2.2939481268011526,2.3014804845222074,2.2705882352941176,2.395701643489254,3.6354515050167224,5.064935064935065
tas_west_cloud,2023-08-30,3,4169,1.657439446366782,1.8364389233954452,2.1143617021276597,2.1469298245614037,2.0389048991354466,2.0403768506056528,2.0209150326797385,2.11378002528445,3.117056856187291,4.1103896103896105
tas_west_cloud,2023-08-30,4,3883,1.541522491349481,1.6832298136645962,1.8936170212765957,1.9210526315789473,1.8155619596541788,1.7900403768506057,1.7699346405228757,1.852085967130215,2.612040133779264,3.3766233766233764
tas_west_cloud,2023-08-30,5,4681,1.4567474048442905,1.5693581780538302,1.7313829787234043,1.7521929824561404,1.6412103746397695,1.6325706594885598,1.5934640522875816,1.652338811630847,2.2474916387959865,2.8506493506493507
tas_west_cloud,2023-08-30,6,3836,1.4013840830449826,1.5010351966873705,1.6329787234042554,1.6260964912280702,1.532420749279539,1.5222072678331091,1.5045751633986928,1.5398230088495575,1.9933110367892977,2.512987012987013
tas_west_cloud,2023-08-30,7,3679,1.3494809688581315,1.4306418219461698,1.553191489361702,1.5394736842105263,1.456772334293948,1.4508748317631224,1.423529411764706,1.4500632111251581,1.8227424749163879,2.25974025974026
tas_west_cloud,2023-08-30,8,4170,1.296712802768166,1.3623188405797102,1.476063829787234,1.4616228070175439,1.3904899135446687,1.3788694481830417,1.3470588235294119,1.3691529709228825,1.6822742474916388,2.051948051948052
tas_west_cloud,2023-08-30,9,4008,1.2647058823529411,1.3229813664596273,1.428191489361702,1.3914473684210527,1.3278097982708934,1.31628532974428,1.284967320261438,1.307206068268015,1.5752508361204014,1.9025974025974026
tas_west_cloud,2023-08-30,10,4010,1.2534602076124568,1.300207039337474,1.398936170212766,1.361842105263158,1.2838616714697406,1.2765814266487214,1.2581699346405228,1.2623261694058154,1.5117056856187292,1.7857142857142858
tas_west_cloud,2023-08-30,11,3231,1.2422145328719723,1.289855072463768,1.377659574468085,1.337719298245614,1.2680115273775217,1.2516823687752354,1.2431372549019608,1.2427307206068268,1.4414715719063544,1.6753246753246753
tas_west_cloud,2023-08-30,12,3030,1.2249134948096885,1.269151138716356,1.3457446808510638,1.3245614035087718,1.239193083573487,1.2328398384925976,1.2248366013071896,1.2174462705436158,1.4046822742474916,1.5974025974025974
wet_tropics,2024-01-03,1,6982,2.3831041257367387,1.8716502115655853,2.651063829787234,1.6331491712707182,0.9654471544715447,0.9136746799875117,0.9120145631067961,0.8890765765765766,1.1697353279631761,1.7421875
wet_tropics,2024-01-03,2,5647,2.013752455795678,1.6403385049365302,2.2617021276595746,1.543646408839779,0.9703252032520325,0.9210115516703091,0.914745145631068,0.8992117117117117,1.1680092059838896,1.7135416666666667
wet_tropics,2024-01-03,3,6166,1.7730844793713163,1.4809590973201692,1.9797872340425533,1.3889502762430939,0.9672764227642277,0.9285045270059319,0.923998786407767,0.915259009009009,1.1173762945914845,1.5559895833333333
wet_tropics,2024-01-03,4,5209,1.5658153241650294,1.3526093088857545,1.725531914893617,1.296132596685083,0.9682926829268292,0.9388073680924134,0.9329490291262136,0.9273648648648649,1.0851553509781358,1.4388020833333333
wet_tropics,2024-01-03,5,5742,1.399803536345776,1.2609308885754584,1.5265957446808511,1.23646408839779,0.9878048780487805,0.960349672182329,0.9529733009708737,0.9504504504504504,1.0724971231300344,1.3333333333333333
wet_tropics,2024-01-03,6,4345,1.275049115913556,1.1833568406205923,1.3617021276595744,1.1878453038674033,0.9898373983739838,0.9681548548236029,0.9629854368932039,0.9563626126126126,1.0621403912543153,1.2708333333333333
wet_tropics,2024-01-03,7,4059,1.2141453831041258,1.14950634696756,1.2723404255319148,1.158011049723757,0.9890243902439024,0.9694036840462067,0.9678398058252428,0.9611486486486487,1.0552359033371692,1.23046875
wet_tropics,2024-01-03,8,4503,1.180746561886051,1.1269393511988717,1.221276595744681,1.134806629834254,0.9975609756097561,0.9768966593818296,0.9757281553398058,0.9757882882882883,1.0609896432681243,1.2057291666666667
wet_tropics,2024-01-03,9,4168,1.1453831041257367,1.1170662905500706,1.1808510638297873,1.1248618784530386,1.0040650406504066,0.98688729316266,0.9880157766990292,0.9811373873873874,1.0653049482163406,1.1764322916666667
wet_tropics,2024-01-03,10,4097,1.1100196463654224,1.0789844851904091,1.1127659574468085,1.0784530386740332,1.004471544715447,0.9853262566344052,0.9902912621359223,0.982545045045045,1.0316455696202531,1.1158854166666667
wet_tropics,2024-01-03,11,3239,1.0884086444007859,1.0634696755994357,1.0872340425531914,1.0640883977900553,1.002439024390244,0.9847018420231033,0.9857402912621359,0.9845157657657657,1.0350978135788262,1.0885416666666667
wet_tropics,2024-01-03,12,3066,1.0884086444007859,1.0528913963328632,1.0765957446808512,1.0569060773480663,0.9963414634146341,0.9834530128004996,0.9824029126213593,0.9817004504504504,1.0322209436133487,1.0703125
wet_tropics,2024-01-08,1,4226,2.0801526717557253,1.7012448132780082,2.5031578947368422,1.5127681307456589,0.9476628046344386,0.9006459550907413,0.9004470938897169,0.89027466367713,1.2778782399035564,1.9471649484536082
wet_tropics,2024-01-08,2,3840,1.8349236641221374,1.515905947441217,2.2,1.4330949948927476,0.9402716739912106,0.8986465702860659,0.902086438152012,0.8860706278026906,1.2603978300180831,1.8737113402061856
wet_tropics,2024-01-08,3,4620,1.6717557251908397,1.4239280774550485,2.0126315789473685,1.3585291113381002,0.9484618457850579,0.9077207013226699,0.9093889716840536,0.898402466367713,1.2284508740204942,1.7719072164948453
wet_tropics,2024-01-08,4,4279,1.501908396946565,1.3236514522821576,1.7915789473684212,1.300306435137896,0.9500599280862965,0.9138726545678253,0.9168405365126676,0.9083520179372198,1.2127787823990355,1.6597938144329898
wet_tropics,2024-01-08,5,5008,1.3893129770992367,1.2586445366528354,1.6463157894736842,1.254341164453524,0.9598481821813823,0.9243309750845894,0.9278688524590164,0.9153587443946188,1.1965039180229053,1.5786082474226804
wet_tropics,2024-01-08,6,4068,1.316793893129771,1.2282157676348548,1.551578947368421,1.2068437180796732,0.9600479424690371,0.9294063365118425,0.9305514157973175,0.92152466367713,1.173297166968053,1.4987113402061856
wet_tropics,2024-01-08,7,3934,1.2729007633587786,1.206085753803596,1.4778947368421054,1.1925434116445353,0.9578505793048342,0.9318671178099046,0.9359165424739195,0.9258688340807175,1.1561181434599157,1.440721649484536
wet_tropics,2024-01-08,8,4479,1.2194656488549618,1.170124481327801,1.3873684210526316,1.1726251276813076,0.9648421893727527,0.9394032605352199,0.9418777943368107,0.9332959641255605,1.1440626883664857,1.3827319587628866
wet_tropics,2024-01-08,9,4323,1.183206106870229,1.1438450899031811,1.3136842105263158,1.150153217568948,0.9676388333999201,0.9424792371577976,0.9460506706408346,0.9391816143497758,1.1314044605183846,1.309278350515464
wet_tropics,2024-01-08,10,4429,1.1526717557251909,1.1272475795297372,1.2526315789473683,1.131767109295199,0.9728326008789453,0.9504767763764995,0.9540983606557377,0.9464686098654709,1.1157323688969258,1.2603092783505154
wet_tropics,2024-01-08,11,3762,1.133587786259542,1.116182572614108,1.2252631578947368,1.1164453524004085,0.975229724330803,0.9544755459858505,0.9578241430700447,0.9557174887892377,1.0982519590114528,1.2416237113402062
wet_tropics,2024-01-08,12,3707,1.1240458015267176,1.107883817427386,1.1978947368421053,1.1031664964249235,0.9756292449061127,0.957859120270686,0.9600596125186289,0.9579596412556054,1.082579867389994,1.2074742268041236
wet_tropics,2024-01-23,1,9990,2.8982558139534884,2.045289855072464,3.5921985815602837,1.6551724137931034,0.9237903225806452,0.8666251168588345,0.8643718740806119,0.8467400508044031,1.2198815009874917,2.1697635135135136
wet_tropics,2024-01-23,2,7883,2.4622093023255816,1.8206521739130435,3.1134751773049647,1.5836526181353767,0.9338709677419355,0.8812714241196634,0.86525448661371,0.8619813717188823,1.21724818959842,2.0945945945945947
wet_tropics,2024-01-23,3,8658,2.1744186046511627,1.6630434782608696,2.7588652482269502,1.4699872286079183,0.9433467741935484,0.8980990962916796,0.8786407766990292,0.8820208862545865,1.184002633311389,1.9493243243243243
wet_tropics,2024-01-23,4,7435,1.9651162790697674,1.556159420289855,2.49290780141844,1.4112388250319285,0.9604838709677419,0.9152383920224368,0.903501029714622,0.9017781541066893,1.1724818959842,1.8597972972972974
wet_tropics,2024-01-23,5,8245,1.7994186046511629,1.4855072463768115,2.2375886524822697,1.355044699872286,0.9770161290322581,0.9351822997818635,0.9282141806413651,0.9232289020604008,1.1579986833443054,1.7432432432432432
wet_tropics,2024-01-23,6,6166,1.7034883720930232,1.4501811594202898,2.1347517730496453,1.3218390804597702,0.9858870967741935,0.9493611717045809,0.9429243895263313,0.9414338131526955,1.1652402896642529,1.6739864864864864
wet_tropics,2024-01-23,7,5549,1.6395348837209303,1.4166666666666667,2.0354609929078014,1.3065134099616857,0.994758064516129,0.9679027734496728,0.9635186819652839,0.9582274908269828,1.1678736010533246,1.635135135135135
wet_tropics,2024-01-23,8,5971,1.5843023255813953,1.3858695652173914,1.9397163120567376,1.2848020434227332,1.0052419354838709,0.9859769398566531,0.9838187702265372,0.9791137454134914,1.174456879526004,1.589527027027027
wet_tropics,2024-01-23,9,5221,1.5319767441860466,1.3478260869565217,1.8404255319148937,1.2503192848020435,1.0120967741935485,0.992209411031474,0.9888202412474257,0.9850409257691222,1.1698485845951283,1.5388513513513513
wet_tropics,2024-01-23,10,4899,1.4825581395348837,1.315217391304348,1.7695035460992907,1.2183908045977012,1.0173387096774194,0.9981302586475538,0.9961753456899088,0.9932260795935648,1.1685319289005924,1.4983108108108107
wet_tropics,2024-01-23,11,3745,1.441860465116279,1.2844202898550725,1.7163120567375887,1.1915708812260537,1.0181451612903225,0.9987535057650359,0.9970579582230068,0.9943550663279707,1.1553653719552337,1.4577702702702702
wet_tropics,2024-01-23,12,3396,1.4156976744186047,1.272644927536232,1.6595744680851063,1.1883780332056195,1.0252016129032258,1.0024929884699283,1.0067666960870845,1.0025402201524132,1.1603028308097432,1.4265202702702702
wet_tropics,2024-02-07,1,4892,1.950268817204301,1.5766550522648084,2.3697604790419162,1.4229813664596274,0.9012241452089489,0.8454866688082235,0.851093316907915,0.8367799113737076,1.1973941368078176,1.75748031496063
wet_tropics,2024-02-07,2,4662,1.706989247311828,1.4459930313588851,2.067365269461078,1.3881987577639752,0.9071338117349093,0.8615483456472856,0.862026485987065,0.8580502215657312,1.193485342019544,1.7102362204724408
wet_tropics,2024-02-07,3,5749,1.5134408602150538,1.3397212543554007,1.8083832335329342,1.2944099378881988,0.9168425495989869,0.879537423707035,0.8758854327071143,0.8735598227474151,1.1452768729641694,1.568503937007874
wet_tropics,2024-02-07,4,5501,1.35752688172043,1.2421602787456445,1.5538922155688624,1.2322981366459627,0.9244406922752216,0.8907805974943784,0.8912842623960578,0.8927621861152142,1.0990228013029315,1.4330708661417322
wet_tropics,2024-02-07,5,6680,1.2338709677419355,1.156794425087108,1.3622754491017963,1.1540372670807453,0.9320388349514563,0.9013813042081593,0.9026793963658762,0.9047267355982275,1.0661237785016286,1.294488188976378
wet_tropics,2024-02-07,6,5544,1.174731182795699,1.1184668989547037,1.248502994011976,1.11055900621118,0.9421696918531026,0.9174429810472213,0.9180782260548198,0.91698670605613,1.0449511400651466,1.226771653543307
wet_tropics,2024-02-07,7,5470,1.1330645161290323,1.078397212543554,1.1916167664670658,1.0857142857142856,0.9506120726044744,0.9278830709926116,0.9276255004619649,0.9254062038404727,1.0254071661237785,1.1700787401574804
wet_tropics,2024-02-07,8,6397,1.0806451612903225,1.0348432055749128,1.122754491017964,1.0571428571428572,0.9535669058674546,0.9347895920334083,0.9353249153064367,0.9341211225997046,1.0110749185667753,1.1149606299212598
wet_tropics,2024-02-07,9,6336,1.0564516129032258,1.0226480836236933,1.098802395209581,1.049689440993789,0.9582102152807092,0.9428204304529393,0.9427163535571297,0.941506646971935,1.013029315960912,1.0960629921259843
wet_tropics,2024-02-07,10,6631,1.0268817204301075,0.9912891986062717,1.0449101796407185,1.031055900621118,0.9603208104685521,0.9479601670414392,0.9482599322451494,0.9494830132939439,1.0,1.0645669291338582
wet_tropics,2024-02-07,11,5630,1.0026881720430108,0.9790940766550522,1.0239520958083832,1.0211180124223602,0.960953989024905,0.9484420173466109,0.9522636279642747,0.9515509601181684,0.9915309446254071,1.0346456692913386
wet_tropics,2024-02-07,12,5475,0.967741935483871,0.9634146341463414,1.0,1.0124223602484472,0.9636977627691009,0.951814969482814,0.9556513704958424,0.9539143279172821,0.9830618892508143,1.0062992125984251
wet_tropics,2024-02-12,1,7343,1.5936305732484077,1.3932702418506835,1.5566037735849056,1.2757685352622061,0.9669517884914464,0.9323511725796753,0.9281277728482697,0.918141592920354,1.0147643384440659,1.1724137931034482
wet_tropics,2024-02-12,2,5333,1.5719745222929937,1.3732912723449,1.5215633423180592,1.2784810126582278,0.9774494556765163,0.94167167769092,0.9370008873114463,0.9280973451327433,1.0119250425894377,1.165948275862069
wet_tropics,2024-02-12,3,5380,1.5305732484076433,1.352260778128286,1.4892183288409704,1.2603978300180831,0.9825038880248833,0.9503908598917619,0.9426205264714581,0.9350110619469026,1.0,1.1508620689655173
wet_tropics,2024-02-12,4,4244,1.4904458598726114,1.3280757097791798,1.45822102425876,1.2504520795660037,0.9867807153965785,0.9523451593505713,0.9463176574977817,0.9383296460176991,0.9926178307779671,1.1314655172413792
wet_tropics,2024-02-12,5,4318,1.4458598726114649,1.2996845425867507,1.412398921832884,1.22875226039783,0.9852255054432348,0.9521948286229706,0.9461697722567288,0.9392975663716814,0.9852356615559341,1.1136853448275863
wet_tropics,2024-02-12,6,3064,1.4,1.2681388012618298,1.3787061994609164,1.202983725135624,0.9793934681181959,0.9485868911605532,0.9436557231588287,0.9398506637168141,0.9789892106757524,1.0959051724137931
wet_tropics,2024-02-12,7,2744,1.3770700636942674,1.252365930599369,1.3450134770889488,1.18625678119349,0.9766718506998445,0.9508418520745641,0.9451345755693582,0.9431692477876106,0.9735945485519591,1.0894396551724137
wet_tropics,2024-02-12,8,2949,1.3579617834394904,1.23869610935857,1.3194070080862534,1.1772151898734178,0.9755054432348367,0.955201443174985,0.9479443951493641,0.9457964601769911,0.97671777399205,1.0991379310344827
wet_tropics,2024-02-12,9,2733,1.3350318471337579,1.2197686645636172,1.2924528301886793,1.1654611211573236,0.9747278382581649,0.9509921828021648,0.9479443951493641,0.9452433628318584,0.9772856331629756,1.0948275862068966
wet_tropics,2024-02-12,10,2643,1.310828025477707,1.2113564668769716,1.2762803234501348,1.1645569620253164,0.9751166407465007,0.9527961515333734,0.9500147885241053,0.9480088495575221,0.9789892106757524,1.0905172413793103
wet_tropics,2024-02-12,11,2108,1.2764331210191082,1.18664563617245,1.2425876010781671,1.1446654611211573,0.9733670295489891,0.9515935057125676,0.9473528541851524,0.9455199115044248,0.9787052810902896,1.0786637931034482
wet_tropics,2024-02-12,12,1995,1.2573248407643312,1.1703470031545742,1.2291105121293802,1.1374321880650995,0.9716174183514774,0.949789536981359,0.9497190180419994,0.9444137168141593,0.9806927881885292,1.0786637931034482
arid_control,2024-01-03,1,7817,1.2749169435215948,1.2225237449118047,1.1395474137931034,1.1233859397417503,1.1137931034482758,1.1106639839034205,1.1015810276679843,1.095638867635807,1.0099502487562189,1.0228077074321666
arid_control,2024-01-03,2,6262,1.2317275747508305,1.1967435549525103,1.130926724137931,1.1195600191296031,1.1081896551724137,1.1038229376257545,1.0861660079051383,1.0883703136954859,1.009639303482587,1.0228077074321666
arid_control,2024-01-03,3,6505,1.1985049833887043,1.177069199457259,1.1271551724137931,1.117168818747011,1.1047413793103449,1.0973843058350101,1.0766798418972332,1.0814843152257076,1.011504975124378,1.0259535981124657
arid_control,2024-01-03,4,5032,1.1644518272425248,1.149932157394844,1.1144935344827587,1.1080822572931612,1.0956896551724138,1.0901408450704226,1.0681818181818181,1.0757459831675593,1.0143034825870647,1.0271333071175777
arid_control,2024-01-03,5,5087,1.1362126245847175,1.1289009497964722,1.103448275862069,1.0956480153036825,1.0883620689655173,1.082897384305835,1.058102766798419,1.0692425401683243,1.0149253731343284,1.027526543452615
arid_control,2024-01-03,6,3471,1.1129568106312293,1.1112618724559022,1.0894396551724137,1.0851267336202775,1.0797413793103448,1.0728370221327967,1.050592885375494,1.060061208875287,1.0133706467661692,1.0271333071175777
arid_control,2024-01-03,7,2927,1.0971760797342194,1.0929443690637721,1.0759698275862069,1.0779531324725011,1.071551724137931,1.0668008048289739,1.0450592885375494,1.055470543228768,1.0149253731343284,1.0267400707825403
arid_control,2024-01-03,8,2990,1.079734219269103,1.0786974219810042,1.0657327586206897,1.0645624103299856,1.0599137931034484,1.055533199195171,1.0379446640316206,1.046671767406274,1.0149253731343284,1.022021234762092
arid_control,2024-01-03,9,2500,1.0622923588039868,1.0593622795115332,1.0533405172413792,1.0526064084170252,1.0474137931034482,1.0458752515090544,1.0292490118577076,1.0411247130833972,1.0149253731343284,1.022021234762092
arid_control,2024-01-03,10,2228,1.0419435215946844,1.0390094979647218,1.0344827586206897,1.0346724055475849,1.0338362068965516,1.029175050301811,1.0252964426877471,1.0254399387911246,1.0055970149253732,1.011010617381046
arid_control,2024-01-03,11,1693,1.0307308970099667,1.0264586160108549,1.0237068965517242,1.024390243902439,1.0237068965517242,1.0237424547283702,1.0154150197628458,1.019892884468248,0.9978233830845771,1.0051120723554856
arid_control,2024-01-03,12,1479,1.021594684385382,1.019674355495251,1.0204741379310345,1.0200860832137733,1.0155172413793103,1.014486921529175,1.0102766798418972,1.013389441469013,0.9953358208955224,0.9988202909948879
arid_control,2024-01-08,1,6039,2.66974358974359,2.1228346456692915,1.772332506203474,1.5817593092282785,1.4080252479711453,1.3320972393901938,1.4269199009083402,1.2899499422410474,1.1945564516129032,1.2906815020862308
arid_control,2024-01-08,2,5239,2.2482051282051283,1.831496062992126,1.5570719602977667,1.4392876416621694,1.2993688007213706,1.2443345694272765,1.2737407101568952,1.2056218713900655,1.1169354838709677,1.2118683356513675
arid_control,2024-01-08,3,6135,1.9712820512820513,1.637007874015748,1.433002481389578,1.305990286022666,1.212804328223625,1.165636588380717,1.1812551610239472,1.1417019638043897,1.0665322580645162,1.1312007417709782
arid_control,2024-01-08,4,5349,1.7528205128205128,1.4984251968503937,1.3281637717121588,1.2423097679438748,1.1568981064021642,1.122785331685208,1.1131296449215524,1.1016557566422795,1.0359543010752688,1.0987482614742698
arid_control,2024-01-08,5,5933,1.5928205128205128,1.3818897637795275,1.2450372208436724,1.1689152725310308,1.1257889990982868,1.092707045735476,1.0850536746490504,1.0820177127454755,1.0144489247311828,1.066759388038943
arid_control,2024-01-08,6,4465,1.4779487179487178,1.3078740157480315,1.2034739454094292,1.1419320021586616,1.1018935978358881,1.0791100123609394,1.064822460776218,1.0604543704274163,0.9949596774193549,1.0477515067222996
arid_control,2024-01-08,7,4035,1.3702564102564103,1.225984251968504,1.1352357320099256,1.1068537506745817,1.0676284941388638,1.0585084466419448,1.0350949628406276,1.0342703118983443,0.9838709677419355,1.0366249420491422
arid_control,2024-01-08,8,4191,1.3005128205128205,1.184251968503937,1.1079404466501241,1.074473826227739,1.0401262398557258,1.0317264112072517,1.0210569777043765,1.0192529842125528,0.9751344086021505,1.0231803430690773
arid_control,2024-01-08,9,3567,1.1712820512820512,1.0937007874015747,1.0403225806451613,1.0151106314085268,1.003155996393147,0.9938195302843016,0.9822460776218002,0.9845976126299576,0.9314516129032258,0.9531757070004636
arid_control,2024-01-08,10,3346,1.1087179487179488,1.0539370078740158,1.0080645161290323,0.9913653534808419,0.9790351668169522,0.9686856201071281,0.9601568951279934,0.9587986137851366,0.9191868279569892,0.9327770050996754
arid_control,2024-01-08,11,2674,1.0625641025641026,1.022047244094488,0.9869727047146402,0.9708580679978414,0.9603246167718665,0.9468479604449939,0.9380677126341866,0.9437812860993454,0.8941532258064516,0.9130737134909597
arid_control,2024-01-08,12,2538,1.0333333333333334,1.0023622047244094,0.9720843672456576,0.949271451699946,0.9497294860234445,0.9408735063864854,0.93476465730801,0.9408933384674625,0.8904569892473119,0.9042651831247103
arid_control,2024-01-13,1,5587,1.5285412262156448,1.256269592476489,1.0744744744744745,1.0438034188034189,1.0365275142314991,1.029193899782135,1.0832238282961015,1.0182496889257568,0.9133964817320703,0.8931788931788932
arid_control,2024-01-13,2,3863,1.1691331923890063,1.0932601880877744,1.0114114114114114,1.0048076923076923,1.0113851992409868,1.006971677559913,1.0543144984669295,1.0016590626296142,0.9191474966170501,0.9009009009009009
arid_control,2024-01-13,3,4085,1.0771670190274842,1.0211598746081505,0.9627627627627627,0.9786324786324786,0.9981024667931688,0.9930283224400871,0.9903635567236093,0.984653670676068,0.9181326116373477,0.8914628914628915
arid_control,2024-01-13,4,3651,1.0285412262156448,0.9866771159874608,0.9375375375375375,0.9631410256410257,0.9867172675521821,0.9877995642701525,0.9684625492772667,0.9809207797594359,0.9198240866035182,0.8987558987558988
arid_control,2024-01-13,5,4329,1.0116279069767442,0.981974921630094,0.9405405405405406,0.9700854700854701,1.0004743833017078,1.0004357298474946,0.9877354358300482,0.9979261717129821,0.9330175913396481,0.9081939081939082
arid_control,2024-01-13,6,3459,1.0443974630021142,1.0219435736677116,0.9771771771771772,0.999465811965812,1.0251423149905123,1.0274509803921568,1.0249671484888305,1.021153048527582,0.9570365358592693,0.939081939081939
arid_control,2024-01-13,7,3286,1.059725158562368,1.0384012539184952,0.9933933933933934,1.0104166666666667,1.03842504743833,1.0396514161220043,1.0429259745948314,1.030692658647864,0.9675236806495264,0.9472329472329473
arid_control,2024-01-13,8,3639,1.0644820295983086,1.0399686520376175,0.996996996996997,1.0229700854700854,1.051707779886148,1.0492374727668845,1.0420499342969776,1.046038987971796,0.9753044654939107,0.9558129558129558
arid_control,2024-01-13,9,3414,1.0443974630021142,1.0289968652037618,0.9990990990990991,1.0178952991452992,1.0526565464895636,1.054248366013072,1.0486202365308803,1.0543343011198674,0.979702300405954,0.9570999570999571
arid_control,2024-01-13,10,3262,1.0243128964059196,1.0180250783699059,0.9885885885885886,1.0106837606837606,1.0552656546489563,1.0562091503267974,1.0494962768287341,1.056408129406885,0.9810554803788903,0.9506649506649507
arid_control,2024-01-13,11,2547,1.0158562367864694,1.0164576802507836,0.984984984984985,1.0138888888888888,1.060721062618596,1.0671023965141613,1.0565045992115638,1.0659477395271673,0.9769959404600812,0.9450879450879451
arid_control,2024-01-13,12,2356,1.0306553911205074,1.031347962382445,0.9996996996996997,1.0184294871794872,1.0633301707779885,1.0708061002178648,1.066360052562418,1.0694732476150974,0.9780108254397835,0.9485199485199485
arid_control,2024-01-25,1,8666,1.325056433408578,1.2159468438538206,1.0827205882352942,1.0592632140950347,1.0764872521246458,1.0797895659798333,1.0703862660944206,1.0639175257731959,0.9319858838626884,0.9611730689797604
arid_control,2024-01-25,2,7795,1.2381489841986455,1.1553156146179402,1.048406862745098,1.03737319807795,1.060434372049103,1.0670758439281016,1.0493562231759657,1.0527835051546393,0.9223612447866538,0.9541511771995044
arid_control,2024-01-25,3,8598,1.162528216704289,1.0996677740863787,1.0165441176470589,1.00854244527496,1.0325779036827196,1.0429636124506796,1.0278969957081545,1.03340206185567,0.9162656400384985,0.9405204460966543
arid_control,2024-01-25,4,7251,1.1252821670428894,1.0764119601328903,1.0104166666666667,1.003737319807795,1.0297450424929178,1.0377027619465147,1.027038626609442,1.0296907216494846,0.9258902791145333,0.9475423378769103
arid_control,2024-01-25,5,7583,1.108352144469526,1.0722591362126246,1.0189950980392157,1.00640683395622,1.0269121813031161,1.0337571240683912,1.0321888412017168,1.0321649484536082,0.9425729868463266,0.9582817017761256
arid_control,2024-01-25,6,5498,1.090293453724605,1.0651993355481728,1.022671568627451,1.0106780565937,1.024787535410765,1.0317843051293292,1.0360515021459227,1.0309278350515463,0.9563683028553096,0.9690210656753407
arid_control,2024-01-25,7,4720,1.082392776523702,1.063953488372093,1.0281862745098038,1.0157501334757075,1.0236071765816808,1.0324419114423498,1.0326180257510729,1.0307216494845362,0.9687199230028873,0.9805865344898802
arid_control,2024-01-25,8,4856,1.0739277652370203,1.06312292358804,1.0379901960784315,1.0224239188467699,1.0297450424929178,1.0363875493204735,1.0399141630901287,1.0371134020618558,0.9834777029194739,0.9954564229657167
arid_control,2024-01-25,9,4108,1.062076749435666,1.058139534883721,1.0343137254901962,1.0224239188467699,1.0285646836638338,1.0350723366944323,1.0401287553648069,1.0381443298969073,0.9871671478986205,1.0008261049153242
arid_control,2024-01-25,10,3813,1.0462753950338601,1.0440199335548173,1.0251225490196079,1.015483182060865,1.0212464589235128,1.0276194651468653,1.0321888412017168,1.02680412371134,0.9932627526467758,1.0049566294919454
arid_control,2024-01-25,11,2754,1.0395033860045146,1.0390365448504983,1.0235906862745099,1.008008542445275,1.0169971671388103,1.0223586146427006,1.0244635193133047,1.0202061855670104,0.9967917869746551,1.0125980999586948
arid_control,2024-01-25,12,2363,1.0349887133182845,1.0332225913621262,1.0147058823529411,1.00533902829685,1.0179414542020775,1.0263042525208241,1.0244635193133047,1.0230927835051546,0.9990375360923965,1.0119785212722017
arid_control,2024-01-28,1,4044,1.4538461538461538,1.289272030651341,1.1206896551724137,1.1154071470415934,1.142051282051282,1.151026392961877,1.1106422878574778,1.130215497478221,0.9788135593220338,1.0047846889952152
arid_control,2024-01-28,2,4507,1.420979020979021,1.2777777777777777,1.1075050709939147,1.1066198008201522,1.1364102564102565,1.1407624633431086,1.1111111111111112,1.1242549289316828,0.9717514124293786,0.9969551979121357
arid_control,2024-01-28,3,5939,1.344055944055944,1.2260536398467432,1.081135902636917,1.0720562390158173,1.1,1.1065493646138806,1.093764650726676,1.0912425492893167,0.9537429378531074,0.9865158764680296
arid_control,2024-01-28,4,5961,1.2867132867132867,1.181992337164751,1.0567951318458417,1.0527240773286468,1.0882051282051282,1.0992179863147604,1.0796999531176745,1.0829894543787253,0.952683615819209,0.9817311874728143
arid_control,2024-01-28,5,7297,1.2587412587412588,1.1724137931034482,1.041920216362407,1.044522554188635,1.0851282051282052,1.0943304007820136,1.0736052508204408,1.078404401650619,0.9498587570621468,0.976946498477599
arid_control,2024-01-28,6,5856,1.2461538461538462,1.1628352490421456,1.0378634212305613,1.0354422964264791,1.081025641025641,1.0943304007820136,1.0761837787154243,1.077028885832187,0.9498587570621468,0.9717268377555459
arid_control,2024-01-28,7,5322,1.220979020979021,1.1532567049808429,1.0290736984448952,1.0351493848857645,1.0866666666666667,1.096041055718475,1.0839193624003751,1.0839064649243466,0.955861581920904,0.9754240974336668
arid_control,2024-01-28,8,5729,1.1986013986013986,1.1436781609195403,1.0344827586206897,1.0404217926186292,1.093846153846154,1.1065493646138806,1.09985935302391,1.0976616231086658,0.9615112994350282,0.9760765550239234
arid_control,2024-01-28,9,5452,1.1818181818181819,1.1254789272030652,1.0277214334009466,1.0404217926186292,1.0892307692307692,1.104594330400782,1.0965775902484762,1.098578633654287,0.9706920903954802,0.9799913005654632
arid_control,2024-01-28,10,5178,1.1482517482517482,1.1044061302681993,1.015212981744422,1.0333919156414764,1.0794871794871794,1.0972629521016617,1.0846225972808252,1.0907840440165062,0.9682203389830508,0.9778164419312745
arid_control,2024-01-28,11,4069,1.137062937062937,1.1024904214559388,1.0189317106152807,1.0328060925600469,1.0723076923076924,1.0909090909090908,1.0857946554149085,1.0871160018340211,0.9639830508474576,0.9826011309264898
arid_control,2024-01-28,12,3739,1.1258741258741258,1.0977011494252873,1.0223123732251522,1.0310486233157587,1.0697435897435899,1.0806451612903225,1.0750117205813408,1.079779917469051,0.966454802259887,0.9891257068290561
arid_control,2024-01-30,1,8801,1.4210526315789473,1.2666083916083917,1.0910792264504054,1.077706323687031,1.1121226641111643,1.117141564902759,1.0963382737576286,1.096245144583513,0.9364767518009168,0.9530364372469635
arid_control,2024-01-30,2,8592,1.3208020050125313,1.1931818181818181,1.0636306924516532,1.0584137191854233,1.1001437470052706,1.10719131614654,1.082824760244115,1.0876132930513596,0.9322200392927309,0.9441295546558705
arid_control,2024-01-30,3,9991,1.1967418546365916,1.1206293706293706,1.0155957579538366,1.0160771704180065,1.0598945855294681,1.070104025327906,1.0510026155187446,1.060854553301683,0.9194499017681729,0.928744939271255
arid_control,2024-01-30,4,8770,1.1541353383458646,1.0926573426573427,1.0018714909544604,1.0080385852090032,1.0464781983708673,1.0581184984170058,1.0440278988666085,1.0500647388864912,0.9204322200392927,0.9293522267206478
arid_control,2024-01-30,5,9168,1.1303258145363408,1.0795454545454546,1.0024953212726138,1.0053590568060022,1.0474365117393387,1.0587969244685662,1.0483870967741935,1.0539490720759603,0.9309102815979043,0.9356275303643725
arid_control,2024-01-30,6,6568,1.1102756892230576,1.076048951048951,1.0155957579538366,1.0107181136120043,1.0479156684235744,1.0581184984170058,1.047951176983435,1.0548122572291756,0.945645055664702,0.9497975708502024
arid_control,2024-01-30,7,5636,1.0952380952380953,1.0751748251748252,1.0199625701809107,1.0184887459807075,1.0493531384762818,1.057892356399819,1.0544899738448126,1.0530858869227449,0.9531761624099542,0.9619433198380567
arid_control,2024-01-30,8,5786,1.086466165413534,1.0725524475524475,1.0299438552713662,1.0284030010718113,1.0517489218974605,1.0628674807779286,1.054054054054054,1.054380664652568,0.9661100196463654,0.9759109311740891
arid_control,2024-01-30,9,4962,1.0739348370927317,1.0646853146853146,1.0305676855895196,1.027599142550911,1.0495927168183996,1.0597014925373134,1.055797733217088,1.051791109192922,0.9796987557301899,0.9836032388663968
arid_control,2024-01-30,10,4493,1.06265664160401,1.0594405594405594,1.0274485339987522,1.0284030010718113,1.046957355055103,1.0565355042966984,1.05231037489102,1.0509279240397065,0.9885396201702685,0.9947368421052631
arid_control,2024-01-30,11,3369,1.0488721804511278,1.0498251748251748,1.0180910792264504,1.0241157556270097,1.04504072831816,1.0542740841248304,1.049694856146469,1.0509279240397065,0.998362802881467,1.0040485829959513
arid_control,2024-01-30,12,3029,1.0513784461152882,1.0506993006993006,1.0255770430442919,1.0246516613076098,1.0407283181600384,1.0456806874717322,1.046207497820401,1.0435908502373759,1.0013097576948264,1.0056680161943319
arid_control,2024-02-07,1,4850,1.805607476635514,1.4824438202247192,1.2438758845944475,1.173807205452775,1.1398124467178175,1.118436873747495,1.1712139185448793,1.0975748389541493,0.9659949622166247,0.9939491730536507
arid_control,2024-02-07,2,4202,1.689252336448598,1.4111657303370786,1.213119216113228,1.1660175267770205,1.1355498721227621,1.1112224448897796,1.1391854487939896,1.097006441834028,0.9688287153652393,0.9989915288422752
arid_control,2024-02-07,3,4793,1.6261682242990654,1.3771067415730338,1.200870985302123,1.1582278481012658,1.1334185848252345,1.115430861723447,1.1281138790035588,1.1030693444486548,0.9767002518891688,1.0052440500201694
arid_control,2024-02-07,4,4096,1.5014018691588784,1.3089887640449438,1.1671203048448557,1.127555988315482,1.113384484228474,1.0945891783567134,1.0986555950968762,1.0932171276998863,0.9759130982367759,1.0133118192819686
arid_control,2024-02-07,5,4553,1.3981308411214954,1.235252808988764,1.1284703320631464,1.1061343719571568,1.0946291560102301,1.0841683366733468,1.0680110715697904,1.0788177339901477,0.9852015113350125,1.009681323114159
arid_control,2024-02-07,6,3475,1.3018691588785047,1.1776685393258426,1.090364725095264,1.0686465433300876,1.062233589087809,1.0557114228456914,1.0379596678529064,1.0568397120121258,0.9678841309823678,0.9866881807180314
arid_control,2024-02-07,7,3298,1.2579439252336448,1.1492275280898876,1.073761567773544,1.0611002921129504,1.0541346973572037,1.0517034068136273,1.0318307631474892,1.0492610837438423,0.9694584382871536,0.990722065348931
arid_control,2024-02-07,8,3623,1.2289719626168225,1.1228932584269662,1.0549809471965161,1.0486854917234665,1.0494458653026428,1.0476953907815632,1.033610122578094,1.0469874952633573,0.9744962216624685,0.9862847922549415
arid_control,2024-02-07,9,3423,1.2252336448598131,1.1313202247191012,1.076211213935765,1.056475170399221,1.062233589087809,1.0585170340681362,1.0446816923685251,1.0557029177718833,0.9968513853904282,1.0
arid_control,2024-02-07,10,3353,1.1869158878504673,1.1109550561797752,1.0647795318454,1.0555014605647517,1.0562659846547315,1.054509018036072,1.0415183867141162,1.0431981811292157,0.9977959697732998,1.0060508269463493
arid_control,2024-02-07,11,2708,1.1714953271028037,1.1025280898876404,1.0639629831246598,1.0569620253164558,1.0545609548167092,1.0480961923847696,1.0405298536971135,1.0409245926487305,0.9995277078085643,1.0076643807987091
arid_control,2024-02-07,12,2511,1.155140186915888,1.091994382022472,1.0533478497550355,1.0506329113924051,1.0490196078431373,1.044488977955912,1.0383550810597073,1.0413035240621447,0.9902392947103275,0.99959661153691
arid_control,2024-02-09,1,8678,1.4157303370786516,1.2725679228746714,1.08505315822389,1.070874861572536,1.108993157380254,1.1153144940747493,1.090290381125227,1.099827139152982,0.9253535021374548,0.9483269800931808
arid_control,2024-02-09,2,8575,1.307116104868914,1.203330411919369,1.0600375234521575,1.0514950166112957,1.0923753665689149,1.1039197812215131,1.0812159709618874,1.0933448573898013,0.9207497533706018,0.9407030919102075
arid_control,2024-02-09,3,9914,1.1960049937578028,1.123575810692375,1.0212632895559726,1.013842746400886,1.055229716520039,1.0685961713764813,1.0521778584392014,1.0622299049265342,0.906280828674778,0.9207962727657772
arid_control,2024-02-09,4,8692,1.1473158551810236,1.0902716914986854,1.0003126954346466,1.003875968992248,1.0442326490713587,1.0592525068368277,1.043557168784029,1.054019014693172,0.9082538638605722,0.9212198221092758
arid_control,2024-02-09,5,9023,1.1198501872659177,1.0806310254163014,1.0056285178236397,1.0060908084163898,1.0464320625610948,1.0601640838650865,1.0485480943738656,1.0557476231633536,0.9207497533706018,0.9330792037272342
arid_control,2024-02-09,6,6517,1.1273408239700375,1.091148115687993,1.0250156347717323,1.0171650055370987,1.0478983382209188,1.061531449407475,1.0503629764065336,1.0566119273984442,0.9417954620190727,0.9479034307496823
arid_control,2024-02-09,7,5579,1.1111111111111112,1.0902716914986854,1.0350218886804252,1.0238095238095237,1.050830889540567,1.0633546034639927,1.056715063520871,1.0579083837510803,0.9552778691219993,0.9635747564591275
arid_control,2024-02-09,8,5538,1.101123595505618,1.0858895705521472,1.0456535334584116,1.0359911406423035,1.0547409579667644,1.0670009115770283,1.059437386569873,1.0617977528089888,0.9746793817823084,0.9809402795425667
arid_control,2024-02-09,9,4866,1.0923845193508115,1.0810692375109554,1.0437773608505316,1.0365448504983388,1.0498533724340176,1.0624430264357339,1.057168784029038,1.060933448573898,0.9848733969089115,0.9923761118170267
arid_control,2024-02-09,10,4416,1.0848938826466916,1.0797546012269938,1.047842401500938,1.0365448504983388,1.0483870967741935,1.0578851412944394,1.0549001814882033,1.0550993949870355,0.9940808944426176,1.0016941973739941
arid_control,2024-02-09,11,3360,1.0936329588014981,1.086327782646801,1.053470919324578,1.043189368770764,1.0527859237536656,1.0633546034639927,1.0553539019963702,1.0587726879861712,1.0013153567905295,1.0084709868699704
arid_control,2024-02-09,12,2954,1.0886392009987516,1.081945661700263,1.0547217010631644,1.0404208194905868,1.0478983382209188,1.0569735642661804,1.0546733212341197,1.0570440795159897,1.0042749095692207,1.0141889030072004
arid_control,2024-02-12,1,5092,1.3834061135371178,1.243943472409152,1.0998970133882595,1.0938989513822688,1.1093205574912892,1.09773228978527,1.1008574928542263,1.0870646766169154,0.9295796256520406,0.919431279620853
arid_control,2024-02-12,2,4082,1.263755458515284,1.1816958277254375,1.0772399588053554,1.0753098188751191,1.0979965156794425,1.0959261489062813,1.1133115557370354,1.0956754688097972,0.9410862227677201,0.9312796208530806
arid_control,2024-02-12,3,4152,1.1545851528384279,1.104306864064603,1.035015447991761,1.0409914204003814,1.0844947735191637,1.0917118201886413,1.092690894242548,1.0937619594336012,0.9444614912549862,0.9304897314375987
arid_control,2024-02-12,4,3469,1.1126637554585153,1.086137281292059,1.0324407826982491,1.0490943755958055,1.088850174216028,1.0969295605057194,1.0828909759085341,1.09911978568695,0.9573488800245474,0.943127962085308
arid_control,2024-02-12,5,3692,1.096943231441048,1.0837819650067295,1.0381050463439754,1.0586272640610104,1.1010452961672474,1.1059602649006623,1.0988158432013067,1.1048603138155377,0.9746854863455048,0.9707740916271722
arid_control,2024-02-12,6,2633,1.0847161572052402,1.0746971736204576,1.0422245108135941,1.059580552907531,1.1084494773519165,1.1178005217740317,1.1004491629236424,1.1159586681974742,0.9880331389996931,0.9842022116903634
arid_control,2024-02-12,7,2280,1.0510917030567686,1.056527590847914,1.0275489186405766,1.053860819828408,1.1084494773519165,1.1198073449729078,1.0998366680277665,1.1205510907003444,0.9837373427431727,0.9691943127962085
arid_control,2024-02-12,8,2408,1.0441048034934497,1.0454239569313593,1.01956745623069,1.0452812202097235,1.0927700348432057,1.105558900260887,1.0986116782360147,1.1106008419441256,0.9863455047560601,0.9630726698262243
arid_control,2024-02-12,9,2124,1.0419213973799126,1.044414535666218,1.0226570545829041,1.0476644423260248,1.0927700348432057,1.1051575356211119,1.0977950183748468,1.1071565250669728,0.9788278613071494,0.9601105845181674
arid_control,2024-02-12,10,1945,1.056768558951965,1.0491251682368776,1.0205973223480946,1.042421353670162,1.0892857142857142,1.0953241019466184,1.1028991425071457,1.09911978568695,0.9776004909481436,0.9676145339652449
arid_control,2024-02-12,11,1419,1.0497816593886462,1.0390309555854644,1.0108135942327496,1.0233555767397522,1.0736062717770034,1.0784667870760587,1.0824826459779502,1.0868733256792957,0.9662473151273396,0.9569510268562401
arid_control,2024-02-12,12,1198,1.0480349344978166,1.0521534320323014,1.01519052523172,1.0314585319351763,1.0640243902439024,1.0690347180413406,1.0728868926092283,1.0757749712973594,0.957042037434796,0.9549763033175356
arid_control,2024-02-14,1,8829,1.4336283185840708,1.2767857142857142,1.1005121638924455,1.0778082191780822,1.1000483325277912,1.1023298309730472,1.075164835164835,1.0834049871023217,0.9398471252907943,0.9650379106992418
arid_control,2024-02-14,2,8649,1.307206068268015,1.1928571428571428,1.0710627400768247,1.055890410958904,1.082165297245046,1.087711283691183,1.0606593406593408,1.0683576956147893,0.9305417082087072,0.9545071609098568
arid_control,2024-02-14,3,10171,1.1858407079646018,1.1116071428571428,1.0160051216389245,1.0136986301369864,1.0444659255679072,1.0543627227044312,1.0338461538461539,1.0412725709372312,0.9112662013958126,0.9317607413647851
arid_control,2024-02-14,4,8958,1.139064475347661,1.0803571428571428,0.998719590268886,0.9989041095890411,1.0323827936201064,1.0433988122430333,1.021978021978022,1.0333190025795356,0.9135925556663343,0.9296545914069082
arid_control,2024-02-14,5,9484,1.1201011378002528,1.0767857142857142,1.0064020486555698,1.004931506849315,1.0333494441759303,1.0415714938328005,1.029010989010989,1.033104041272571,0.923562645397142,0.9393428812131424
arid_control,2024-02-14,6,6998,1.1131479140328697,1.0794642857142858,1.0188860435339309,1.015068493150685,1.0381826969550507,1.0479671082686157,1.043076923076923,1.0408426483233018,0.9418411432369558,0.9587194608256108
arid_control,2024-02-14,7,6113,1.1036662452591657,1.0803571428571428,1.029449423815621,1.0213698630136987,1.043015949734171,1.0543627227044312,1.0448351648351648,1.0468615649183146,0.9574609504818876,0.9688289806234204
arid_control,2024-02-14,8,6324,1.0834386852085967,1.0723214285714286,1.031370038412292,1.0268493150684932,1.0396326727887868,1.0488807674737324,1.042857142857143,1.0429922613929492,0.969757394483217,0.9783066554338669
arid_control,2024-02-14,9,5616,1.075221238938053,1.0642857142857143,1.025608194622279,1.023013698630137,1.0362493958434027,1.044769301050708,1.0408791208791208,1.0395528804815133,0.9727484214024593,0.9827295703454086
arid_control,2024-02-14,10,5048,1.0651074589127687,1.05625,1.0185659411011523,1.0180821917808218,1.0343160947317545,1.038830516217451,1.0395604395604396,1.0391229578675838,0.9740777666999003,0.9823083403538332
arid_control,2024-02-14,11,3606,1.0581542351453856,1.0455357142857142,1.015044814340589,1.0131506849315068,1.0299661672305462,1.0349474645957057,1.036043956043956,1.0358985382631127,0.9770687936191426,0.9837826453243471
arid_control,2024-02-14,12,3149,1.0467762326169405,1.0383928571428571,1.0102432778489117,1.0027397260273974,1.0236829386176898,1.0292370945637277,1.029010989010989,1.0292347377472055,0.9800598205383848,0.9903117101937658
arid_control,2024-02-17,1,4241,1.9833679833679834,1.6295436968290797,1.3829787234042554,1.263724434876211,1.1723672367236724,1.1356492969396195,1.1940049958368026,1.099144634525661,1.0,1.0080321285140563
arid_control,2024-02-17,2,3876,1.6902286902286903,1.4106728538283062,1.2504559270516717,1.1859526372443487,1.1154365436543654,1.0847808105872623,1.1036636136552873,1.068040435458787,0.9765226267437904,0.9973226238286479
arid_control,2024-02-17,3,4529,1.420997920997921,1.2583139984532097,1.1537993920972645,1.1108719052744886,1.0733573357335733,1.054590570719603,1.0520399666944213,1.0423794712286159,0.9652943177951684,0.9817045961624274
arid_control,2024-02-17,4,4203,1.2785862785862785,1.168600154679041,1.0972644376899696,1.0565123789020452,1.0391539153915392,1.0343258891645988,1.0124895920066612,1.0272161741835149,0.9510037427696495,0.9732262382864793
arid_control,2024-02-17,5,4979,1.208939708939709,1.11446249033256,1.0662613981762918,1.041442411194833,1.031053105310531,1.031844499586435,1.003330557868443,1.0248833592534992,0.952364749914937,0.9705488621151271
arid_control,2024-02-17,6,3989,1.156964656964657,1.0920340293890178,1.0522796352583588,1.0236813778256189,1.0252025202520252,1.0252274607113316,1.0062447960033305,1.0182737169517886,0.9530452534875808,0.961624274877287
arid_control,2024-02-17,7,3683,1.1216216216216217,1.068832173240526,1.0285714285714285,1.0215285252960171,1.021152115211521,1.0277088502894955,1.0108243130724397,1.0190513219284603,0.9540660088465465,0.9571619812583668
arid_control,2024-02-17,8,4083,1.0904365904365905,1.0525908739365817,1.0164133738601824,1.0209903121636168,1.0247524752475248,1.0359801488833746,1.0170691090757702,1.0279937791601865,0.9533855052739026,0.9567157518964748
arid_control,2024-02-17,9,3930,1.0904365904365905,1.051817478731632,1.0151975683890577,1.0193756727664156,1.0333033303330332,1.0392886683209264,1.0339300582847626,1.0377138413685847,0.9591697856413747,0.9569388665774208
arid_control,2024-02-17,10,3965,1.0727650727650728,1.042536736272235,1.00790273556231,1.0150699677072121,1.0301530153015301,1.0376344086021505,1.0249791840133222,1.0392690513219285,0.9584892820687309,0.9513609995537706
arid_control,2024-02-17,11,3280,1.0623700623700623,1.0417633410672853,1.0091185410334347,1.017491926803014,1.027002700270027,1.0303970223325063,1.025811823480433,1.0318818040435458,0.9671657026199387,0.9580544399821508
arid_control,2024-02-17,12,3136,1.0644490644490645,1.0394431554524362,1.0127659574468084,1.0123789020452099,1.022052205220522,1.0239867659222497,1.0187343880099917,1.0200233281493,0.9654644436883294,0.9571619812583668
arid_control,2024-02-22,1,4748,1.5132496513249651,1.328095238095238,1.1628300609343263,1.1443724219210372,1.1571794871794872,1.1606291706387035,1.1291843470061291,1.1435665914221218,1.0038677918424754,1.0518417462482947
arid_control,2024-02-22,2,5280,1.4163179916317992,1.2814285714285714,1.1455653351387949,1.1290512669416617,1.14,1.149904671115348,1.1247053276756247,1.1358916478555305,0.9922644163150492,1.0422919508867667
arid_control,2024-02-22,3,6868,1.3096234309623431,1.2095238095238094,1.094109681787407,1.071302298173247,1.0984615384615384,1.1086749285033366,1.0971239981140972,1.0979683972911964,0.9662447257383966,1.005911778080946
arid_control,2024-02-22,4,6806,1.2287308228730822,1.1476190476190475,1.04739336492891,1.0453741897466116,1.082051282051282,1.0929456625357483,1.0754361150400755,1.0848758465011286,0.9546413502109705,0.9877216916780355
arid_control,2024-02-22,5,8044,1.2147838214783822,1.1428571428571428,1.037914691943128,1.0415439010017677,1.0764102564102564,1.0929456625357483,1.0808580858085808,1.0857787810383748,0.9556962025316456,0.9822646657571623
arid_control,2024-02-22,6,6230,1.191073919107392,1.1304761904761904,1.0372376438727149,1.037713612256924,1.077179487179487,1.0953288846520495,1.0872230080150873,1.089390519187359,0.955168776371308,0.977262391996362
arid_control,2024-02-22,7,5552,1.1743375174337518,1.1161904761904762,1.037914691943128,1.036535061873895,1.081025641025641,1.0996186844613918,1.091937765205092,1.0950338600451468,0.9588607594936709,0.9831741700773079
arid_control,2024-02-22,8,5780,1.1562064156206415,1.1085714285714285,1.039945836154367,1.0436063641720683,1.0846153846153845,1.1062917063870352,1.099009900990099,1.1038374717832957,0.9704641350210971,0.9895407003183265
arid_control,2024-02-22,9,5208,1.1478382147838215,1.1142857142857143,1.0592417061611374,1.0568650559811432,1.083076923076923,1.104146806482364,1.0954738330975955,1.101354401805869,0.979254571026723,1.005911778080946
arid_control,2024-02-22,10,4824,1.1394700139470013,1.1042857142857143,1.05416384563304,1.0494991160872127,1.0712820512820513,1.090085795996187,1.0834512022630836,1.090293453724605,0.9824191279887482,1.0052296498408368
arid_control,2024-02-22,11,3753,1.1227336122733613,1.0971428571428572,1.046716316858497,1.0459634649381262,1.0651282051282052,1.0824594852240228,1.0763790664780764,1.0812641083521444,0.9838255977496484,1.0072760345611642
arid_control,2024-02-22,12,3409,1.1199442119944212,1.0895238095238096,1.04062288422478,1.0388921626399528,1.064102564102564,1.078646329837941,1.0697784064120697,1.0749435665914222,0.9862869198312236,1.0045475216007276
arid_control,2024-02-24,1,8466,1.3712574850299402,1.2352941176470589,1.057212416311625,1.0503194888178913,1.0867924528301887,1.0911121036176865,1.0687203791469195,1.0720303285593935,0.9154020019373588,0.9284552845528455
arid_control,2024-02-24,2,8333,1.2574850299401197,1.1517476555839727,1.0231284236153377,1.035143769968051,1.0716981132075472,1.0790531487271102,1.050840155105558,1.0606571187868576,0.9060381013884404,0.9199186991869919
arid_control,2024-02-24,3,9932,1.154491017964072,1.0835464620630861,0.9817407181984176,0.9933439829605963,1.0377358490566038,1.0433229120142922,1.027143472641103,1.033698399326032,0.8898934452696158,0.9004065040650406
arid_control,2024-02-24,4,8840,1.1077844311377245,1.0554134697357205,0.967741935483871,0.9864217252396166,1.0268867924528302,1.0343903528360876,1.02154243860405,1.027379949452401,0.8918308040038747,0.901219512195122
arid_control,2024-02-24,5,9526,1.08562874251497,1.0468883205456097,0.9689592209373098,0.9861554845580405,1.0292452830188679,1.0361768646717284,1.0241275312365359,1.027379949452401,0.9005489183080401,0.9085365853658537
arid_control,2024-02-24,6,6899,1.0790419161676648,1.050298380221654,0.9841752891052952,0.9909478168264111,1.0316037735849057,1.037516748548459,1.031451960361913,1.0307497893850042,0.9183080400387472,0.9219512195121952
arid_control,2024-02-24,7,5953,1.0634730538922155,1.0426257459505541,0.9866098600121729,1.0005324813631522,1.0316037735849057,1.0384100044662796,1.03446790176648,1.0332771693344567,0.9270261543429125,0.9333333333333333
arid_control,2024-02-24,8,6067,1.0479041916167664,1.0375106564364875,0.9884357881923311,0.9994675186368477,1.0268867924528302,1.033050468959357,1.031882809133994,1.0324347093513058,0.9409105586051018,0.9451219512195121
arid_control,2024-02-24,9,5399,1.0395209580838323,1.030690537084399,0.9811320754716981,0.9994675186368477,1.0235849056603774,1.0285841893702545,1.028436018957346,1.0278011794439763,0.948982886664514,0.947560975609756
arid_control,2024-02-24,10,5064,1.037125748502994,1.0264279624893435,0.9860012172854534,1.0015974440894568,1.0297169811320754,1.0341670388566324,1.034037052994399,1.0286436394271272,0.9564094284791734,0.9583333333333334
arid_control,2024-02-24,11,3868,1.0281437125748503,1.0247229326513214,0.9841752891052952,1.0029286474973376,1.028301886792453,1.029477445288075,1.027574321413184,1.0275905644481886,0.9641588634162093,0.9621951219512195
arid_control,2024-02-24,12,3492,1.022754491017964,1.0238704177323104,0.9878271454656117,0.9978700745473909,1.024056603773585,1.0252344796784278,1.020249892287807,1.0181128896377423,0.9644817565385857,0.9617886178861789
coastal_mixed,2024-01-06,1,1775,2.92987012987013,2.3152173913043477,2.735632183908046,1.5532544378698225,0.856760374832664,0.7707240293809025,0.7639442231075697,0.715253445456669,0.9173745173745174,1.4954682779456194
coastal_mixed,2024-01-06,2,898,2.6454545454545455,2.115217391304348,2.507183908045977,1.4896449704142012,0.8249665327978581,0.7455403987408185,0.7355577689243028,0.6893249240831582,0.8911196911196911,1.4765861027190332
coastal_mixed,2024-01-06,3,713,2.32987012987013,1.8521739130434782,2.0977011494252875,1.3476331360946745,0.7831325301204819,0.7161594963273872,0.7026892430278885,0.6568558747956085,0.861003861003861,1.3353474320241692
coastal_mixed,2024-01-06,4,437,1.8493506493506493,1.4934782608695651,1.5632183908045978,1.168639053254438,0.820615796519411,0.7492130115424974,0.7644422310756972,0.7049754730203224,0.8092664092664092,1.105740181268882
coastal_mixed,2024-01-06,5,367,1.3142857142857143,1.2456521739130435,1.1436781609195403,1.0769230769230769,0.9143239625167336,0.8746065057712487,0.9158366533864541,0.8521373510861948,0.7691119691119691,0.8368580060422961
coastal_mixed,2024-01-09,1,11649,3.008869179600887,2.407063197026022,2.84037558685446,1.6041131105398458,0.8124207858048162,0.6999493157627977,0.6792168674698795,0.636654478976234,1.0542832909245123,1.6934426229508197
coastal_mixed,2024-01-09,2,8752,3.0687361419068737,2.442379182156134,2.863849765258216,1.6131105398457584,0.820659062103929,0.7050177394830208,0.7028112449799196,0.6403107861060329,1.067005937234945,1.701639344262295
coastal_mixed,2024-01-09,3,8815,3.0509977827050996,2.433085501858736,2.84037558685446,1.595115681233933,0.8124207858048162,0.6964014191586416,0.7033132530120482,0.6311700182815356,1.0568278201865988,1.678688524590164
coastal_mixed,2024-01-09,4,6624,3.0288248337028825,2.412639405204461,2.812206572769953,1.5745501285347043,0.802915082382763,0.6862645717181957,0.7018072289156626,0.6229433272394881,1.0508905852417303,1.6508196721311474
coastal_mixed,2024-01-09,5,6247,3.0399113082039912,2.412639405204461,2.8051643192488265,1.569408740359897,0.802915082382763,0.6872782564622403,0.7028112449799196,0.6224862888482633,1.0491942324003394,1.640983606557377
coastal_mixed,2024-01-09,6,3867,3.035476718403548,2.4144981412639406,2.8051643192488265,1.5591259640102828,0.8022813688212928,0.6872782564622403,0.7063253012048193,0.6247714808043876,1.0466497031382527,1.6360655737704919
coastal_mixed,2024-01-09,7,2915,3.0288248337028825,2.407063197026022,2.791079812206573,1.556555269922879,0.8022813688212928,0.6882919412062849,0.7093373493975904,0.6243144424131627,1.0449533502968618,1.6295081967213114
coastal_mixed,2024-01-09,8,2549,2.9822616407982263,2.3810408921933086,2.755868544600939,1.5462724935732648,0.8041825095057035,0.6913329954384186,0.7108433734939759,0.6247714808043876,1.0449533502968618,1.6245901639344262
coastal_mixed,2024-01-09,9,1824,2.9578713968957873,2.345724907063197,2.7347417840375585,1.5398457583547558,0.8086185044359949,0.696908261530664,0.713855421686747,0.6320840950639853,1.0458015267175573,1.6286885245901639
coastal_mixed,2024-01-09,10,1362,2.902439024390244,2.312267657992565,2.6784037558685445,1.5154241645244215,0.8212927756653993,0.7093258996452103,0.7191265060240963,0.648308957952468,1.0441051738761662,1.6098360655737705
coastal_mixed,2024-01-09,11,852,2.8237250554323725,2.2639405204460967,2.631455399061033,1.505784061696658,0.8384030418250951,0.7313735428281805,0.7394578313253012,0.6711608775137111,1.0364715860899067,1.5704918032786885
coastal_mixed,2024-01-09,12,625,2.694013303769401,2.1858736059479553,2.5140845070422535,1.4665809768637532,0.8624841571609633,0.7557019766852509,0.7625502008032129,0.70018281535649,1.0271416454622562,1.4950819672131148
coastal_mixed,2024-02-03,1,1317,2.9411764705882355,2.6260720411663807,3.339712918660287,1.9374149659863946,0.9024103468547913,0.7714150496923805,0.7579383341003222,0.6911519198664441,1.3736892278360344,2.512295081967213
coastal_mixed,2024-02-03,2,802,2.6599264705882355,2.3447684391080617,2.9413875598086126,1.8149659863945578,0.8865373309817755,0.7678655939422622,0.7388403129314312,0.6965776293823038,1.3069590085795997,2.2540983606557377
coastal_mixed,2024-02-03,3,671,1.6985294117647058,1.555746140651801,1.7966507177033493,1.3877551020408163,0.8706643151087595,0.7605300520586843,0.7482742751955821,0.6803005008347245,1.1296472831267874,1.6229508196721312
coastal_mixed,2024-02-03,4,462,1.1838235294117647,1.2126929674099485,1.2165071770334928,1.164625850340136,0.873015873015873,0.7898722195929957,0.7947537965945697,0.7212020033388982,0.9666348903717826,0.9620901639344263
coastal_mixed,2024-02-03,5,540,1.146139705882353,1.1749571183533447,1.13755980861244,1.1421768707482993,0.8459729570840682,0.7737813535257927,0.7710538426138979,0.751669449081803,0.9599618684461392,0.9262295081967213
coastal_mixed,2024-02-03,6,402,1.119485294117647,1.146655231560892,1.0980861244019138,1.0870748299319728,0.8606701940035273,0.8159015617605301,0.8145421076852278,0.8230383973288815,0.9432793136320305,0.9170081967213115
coastal_mixed,2024-02-03,7,389,1.0919117647058822,1.118353344768439,1.0813397129186604,1.0408163265306123,0.8447971781305115,0.8012304779933743,0.8278877128393926,0.8284641068447413,0.9399428026692088,0.9057377049180327
coastal_mixed,2024-02-03,8,491,1.09375,1.104631217838765,1.076555023923445,1.0285714285714285,0.7983539094650206,0.7543776620918126,0.7795674183156925,0.7554257095158597,0.9246901811248809,0.8811475409836066
coastal_mixed,2024-02-03,9,465,1.0863970588235294,1.1012006861063466,1.0741626794258374,1.0666666666666667,0.8336272780717225,0.8121154756270705,0.829728485964105,0.8284641068447413,0.9466158245948523,0.9077868852459017
coastal_mixed,2024-02-03,10,500,1.0863970588235294,1.1080617495711835,1.063397129186603,1.0653061224489795,0.855379188712522,0.8341221012778041,0.8278877128393926,0.8489148580968281,0.9704480457578646,0.944672131147541
coastal_mixed,2024-02-03,11,404,1.0827205882352942,1.1054888507718696,1.0382775119617225,1.0639455782312925,0.9126984126984127,0.8906767628963559,0.878739070409572,0.8933639398998331,0.9590085795996187,0.9754098360655737
coastal_mixed,2024-02-03,12,389,1.0716911764705883,1.0960548885077186,1.0406698564593302,1.0653061224489795,0.9435626102292769,0.9313771888310459,0.9245283018867925,0.9152754590984975,0.9742612011439467,0.9836065573770492
coastal_mixed,2024-02-10,1,2724,4.259860788863109,3.5098814229249014,4.909620991253644,2.3440934065934065,0.9104477611940298,0.765912003417343,0.7280772325020113,0.6834151870041556,1.689068100358423,3.5395537525354968
coastal_mixed,2024-02-10,2,2306,3.8422273781902554,3.149209486166008,4.437317784256559,2.2005494505494507,0.853411513859275,0.7120888509184109,0.6387771520514883,0.6318473743860975,1.5703405017921146,3.260649087221095
coastal_mixed,2024-02-10,3,2315,3.5916473317865427,2.847826086956522,3.9620991253644315,1.9354395604395604,0.7484008528784648,0.6322084579239641,0.5760257441673371,0.5602568945976577,1.406810035842294,2.9066937119675456
coastal_mixed,2024-02-10,4,1851,3.433874709976798,2.650197628458498,3.6618075801749272,1.7747252747252746,0.6839019189765458,0.5745407945322512,0.5434432823813354,0.5088779750661125,1.3064516129032258,2.7058823529411766
coastal_mixed,2024-02-10,5,1862,3.4095127610208817,2.6146245059288535,3.552478134110787,1.7293956043956045,0.6708422174840085,0.562580093976933,0.5416331456154465,0.4988666414809218,1.2795698924731183,2.6531440162271807
coastal_mixed,2024-02-10,6,1265,3.4037122969837585,2.6126482213438735,3.5276967930029155,1.7211538461538463,0.6636460554371002,0.5544639043143955,0.5422365245374094,0.4907442387608614,1.2598566308243728,2.630831643002028
coastal_mixed,2024-02-10,7,963,3.394431554524362,2.616600790513834,3.5364431486880465,1.7074175824175823,0.658315565031983,0.551473729175566,0.5394207562349155,0.4869663770306007,1.2544802867383513,2.5983772819472617
coastal_mixed,2024-02-10,8,817,3.3897911832946637,2.632411067193676,3.565597667638484,1.710164835164835,0.6668443496801706,0.5561725758222982,0.5414320193081255,0.49301095579901777,1.271505376344086,2.6267748478701827
coastal_mixed,2024-02-10,9,612,3.3584686774941996,2.608695652173913,3.4752186588921283,1.7019230769230769,0.6665778251599147,0.560017086715079,0.5402252614641995,0.5005666792595391,1.2629928315412187,2.661257606490872
coastal_mixed,2024-02-10,10,489,3.4037122969837585,2.6185770750988144,3.5043731778425657,1.7087912087912087,0.6860341151385928,0.5715506193934217,0.5506838294448914,0.5126558367963733,1.2732974910394266,2.6997971602434077
coastal_mixed,2024-02-10,11,338,3.3955916473317864,2.6432806324110674,3.5408163265306123,1.7287087912087913,0.7020255863539445,0.5850064075181546,0.5567176186645213,0.5256894597657725,1.2948028673835126,2.733265720081136
coastal_mixed,2024-02-18,1,636,1.9194756554307115,1.8769633507853403,2.511056511056511,1.6345381526104417,1.180946848678478,1.136578449905482,1.094972067039106,1.1105064880703224,1.456243854473943,2.324324324324324
coastal_mixed,2024-02-18,2,557,1.4681647940074907,1.4380453752181501,1.7714987714987716,1.4738955823293172,1.1309904153354633,1.1016068052930057,1.0386405959031657,1.074089577228966,1.3559488692232056,1.9828009828009827
coastal_mixed,2024-02-18,3,656,1.25,1.2399650959860384,1.4434889434889435,1.2208835341365463,1.0914899796688935,1.061436672967864,1.0574953445065176,1.0364169108413561,1.183874139626352,1.57002457002457
coastal_mixed,2024-02-18,4,584,1.1676029962546817,1.1675392670157068,1.2493857493857494,1.1472556894243642,1.0705779843160035,1.055765595463138,1.0200186219739293,1.0228128924236082,1.1022615535889873,1.3194103194103195
coastal_mixed,2024-02-18,5,674,1.104868913857678,1.111692844677138,1.1474201474201475,1.108433734939759,1.0589602091199535,1.0382797731568998,1.027467411545624,1.0257429886982001,1.0486725663716814,1.1572481572481572
coastal_mixed,2024-02-18,6,482,1.0646067415730338,1.0785340314136125,1.095823095823096,1.0836680053547523,1.0740633168748184,1.0604914933837428,1.0733240223463687,1.0673922143156132,1.0398230088495575,1.106879606879607
coastal_mixed,2024-02-18,7,456,1.0411985018726593,1.0610820244328099,1.076167076167076,1.069611780455154,1.0659308742375835,1.0571833648393194,1.0679702048417132,1.050648807032231,1.033431661750246,1.0417690417690417
coastal_mixed,2024-02-18,8,553,1.0224719101123596,1.036649214659686,1.0442260442260443,1.033467202141901,1.037467325007261,1.0552930056710774,1.0270018621973929,1.0351611552951026,1.0049164208456245,0.9803439803439803
coastal_mixed,2024-02-18,9,533,1.0056179775280898,1.0104712041884816,0.9975429975429976,1.0227576974564927,1.0107464420563461,1.0099243856332702,1.0004655493482308,1.0129761406446212,0.9813176007866273,0.9508599508599509
coastal_mixed,2024-02-18,10,545,0.9887640449438202,1.0052356020942408,0.972972972972973,1.0120481927710843,0.9927388905024688,0.995274102079395,0.9832402234636871,0.9941398074508162,0.9646017699115044,0.9336609336609336
coastal_mixed,2024-02-18,11,447,0.9906367041198502,1.0,0.9803439803439803,1.0120481927710843,0.9817020040662213,0.9796786389413988,0.9706703910614525,0.9702804520719966,0.9754178957718781,0.9434889434889435
coastal_mixed,2024-02-18,12,439,0.9868913857677902,1.0087260034904013,0.972972972972973,1.0120481927710843,0.9747313389485913,0.9659735349716446,0.9548417132216015,0.969024696525743,0.9901671583087512,0.9656019656019657
coastal_mixed,2024-02-25,1,330,4.285958904109589,2.8951807228915665,3.922145328719723,1.6937590711175616,0.6607239330091842,0.5645652173913044,0.5619007919966653,0.517389605314576,1.1640696608615948,2.5126849894291756
cropping_control,2023-12-23,1,7149,1.7782608695652173,1.4143484626647145,1.5654281098546041,1.2455795677799608,1.0352595494613124,1.0474399164054335,1.042242079610073,1.0632861635220126,1.2385107620709714,1.6182965299684542
cropping_control,2023-12-23,2,5490,1.7,1.3382137628111275,1.4555735056542811,1.2170923379174852,1.0259549461312438,1.0409613375130617,1.0227457351746547,1.053066037735849,1.2158231529959278,1.5841219768664563
cropping_control,2023-12-23,3,5939,1.617391304347826,1.2650073206442167,1.369951534733441,1.150294695481336,0.9789422135161606,0.9977011494252873,0.9865962632006499,1.0192610062893082,1.16695753344968,1.5194532071503681
cropping_control,2023-12-23,4,4801,1.5391304347826087,1.2005856515373352,1.3117932148626819,1.1100196463654224,0.9534769833496572,0.9688610240334379,0.9569455727051178,0.9941037735849056,1.1419429901105294,1.4742376445846477
cropping_control,2023-12-23,5,4902,1.4369565217391305,1.1522693997071742,1.2730210016155088,1.0717092337917484,0.9167482859941234,0.9278996865203761,0.9291226645004061,0.9498820754716981,1.109365910413031,1.401682439537329
cropping_control,2023-12-23,6,3290,1.3456521739130434,1.1229868228404098,1.234248788368336,1.0407662082514735,0.8929970617042116,0.9028213166144201,0.8982534524776604,0.9237421383647799,1.0890052356020943,1.3527865404837014
cropping_control,2023-12-23,7,2936,1.2760869565217392,1.0878477306002927,1.2084006462035541,1.005893909626719,0.8699804113614104,0.8702194357366771,0.8813972380178716,0.8942610062893082,1.0523560209424083,1.2991587802313354
cropping_control,2023-12-23,8,3233,1.2239130434782608,1.0453879941434847,1.1744749596122779,0.9872298624754421,0.8570029382957884,0.8593521421107628,0.8574329813160032,0.8797169811320755,1.0349040139616057,1.2439537329127235
cropping_control,2023-12-23,9,2609,1.1478260869565218,1.007320644216691,1.135702746365105,0.9646365422396856,0.8491674828599413,0.8555903866248694,0.8517465475223396,0.8694968553459119,1.0232693426410704,1.2008412197686646
cropping_control,2023-12-23,10,2568,1.0945652173913043,0.9714494875549048,1.1082390953150243,0.9489194499017681,0.8552889324191969,0.8543364681295715,0.8332656376929326,0.8643867924528302,1.0151250727166958,1.1819137749737119
cropping_control,2023-12-23,11,1932,1.05,0.9560761346998536,1.1050080775444264,0.9513752455795678,0.8675318315377081,0.857680250783699,0.8371242891957758,0.8651729559748428,1.0063990692262943,1.1577287066246056
cropping_control,2023-12-23,12,1784,1.0326086956521738,0.9531478770131772,1.1179321486268174,0.9420432220039293,0.8648383937316356,0.8626959247648903,0.8470755483346872,0.8667452830188679,0.9994182664339732,1.1377497371188223
cropping_control,2024-01-12,1,10769,2.3909657320872273,2.011273957158963,2.1750881316098707,1.6527455529775716,1.1177606177606179,1.0505548705302097,1.0503425677688412,1.0132618510158014,1.2711585866885784,1.5551651440618413
cropping_control,2024-01-12,2,8283,2.317757009345794,1.931228861330327,2.0423031727379555,1.6179427687548338,1.1131274131274131,1.0502466091245377,1.0649389335716413,1.017212189616253,1.2600657354149547,1.5312719606465215
cropping_control,2024-01-12,3,8636,2.0716510903426792,1.7373167981961668,1.8807285546415982,1.491105955143078,1.0861003861003862,1.026510480887793,1.0411081322609472,1.005502257336343,1.2062448644207067,1.4416725228390723
cropping_control,2024-01-12,4,7113,1.7819314641744548,1.5377677564825254,1.701527614571093,1.406032482598608,1.052895752895753,1.0070900123304563,0.998212689901698,0.9915349887133182,1.1750205423171733,1.4026704146170064
cropping_control,2024-01-12,5,7867,1.5560747663551402,1.3765501691093573,1.5475910693301997,1.3047177107501933,1.0185328185328186,0.9793464858199753,0.9681263032469467,0.9737584650112867,1.1495480690221858,1.3562895291637387
cropping_control,2024-01-12,6,6015,1.4376947040498442,1.306651634723788,1.45475910693302,1.245939675174014,0.9992277992277993,0.9654747225647349,0.9544235924932976,0.9582392776523702,1.1290057518488086,1.3021784961349263
cropping_control,2024-01-12,7,5682,1.3496884735202492,1.2514092446448704,1.3965922444183314,1.2099767981438516,0.977992277992278,0.9485203452527744,0.9417634792969913,0.9462471783295711,1.1105176663927692,1.2547434996486297
cropping_control,2024-01-12,8,6546,1.2834890965732086,1.2074408117249154,1.3407755581668626,1.1778808971384378,0.9648648648648649,0.9334155363748459,0.9338695263628239,0.9359480812641083,1.0928512736236649,1.2153900210822206
cropping_control,2024-01-12,9,6042,1.2398753894080996,1.1702367531003381,1.309048178613396,1.1612529002320187,0.9527027027027027,0.9235511713933415,0.9226988382484361,0.9272009029345373,1.0823746918652424,1.2037947997189038
cropping_control,2024-01-12,10,6174,1.1978193146417446,1.1431792559188274,1.2661574618096356,1.1245166279969063,0.9486486486486486,0.9180024660912454,0.9247840333631219,0.9207110609480813,1.062037797863599,1.1560084328882643
cropping_control,2024-01-12,11,4953,1.1697819314641744,1.1183765501691094,1.237367802585194,1.102861562258314,0.9532818532818533,0.9250924784217016,0.9261245159368484,0.9252257336343115,1.044782251437962,1.134223471539002
cropping_control,2024-01-12,12,4767,1.146417445482866,1.1025930101465615,1.1974148061104584,1.088940448569219,0.9482625482625483,0.9229346485819976,0.9276139410187667,0.9266365688487584,1.0345110928512735,1.0969782150386507
cropping_control,2024-02-01,1,6917,3.15742397137746,2.4157303370786516,2.270332187857961,1.7129557796741661,1.2128839590443685,1.1456171735241503,1.2048435923309788,1.0742274609748328,1.2042042042042043,1.3987096774193548
cropping_control,2024-02-01,2,5510,2.550983899821109,2.0343320848938826,1.965635738831615,1.6097750193948797,1.1868600682593857,1.136314847942755,1.1458123107971745,1.0801210576616758,1.1910660660660661,1.3806451612903226
cropping_control,2024-02-01,3,6067,1.9355992844364938,1.6741573033707866,1.741122565864834,1.430566330488751,1.1382252559726962,1.0962432915921287,1.0908173562058527,1.0592545396623128,1.1291291291291292,1.2967741935483872
cropping_control,2024-02-01,4,5249,1.5939177101967799,1.4519350811485643,1.5234822451317296,1.313421256788208,1.094283276450512,1.0747763864042934,1.0598721829801547,1.049060210258044,1.0938438438438438,1.2432258064516128
cropping_control,2024-02-01,5,6016,1.4203935599284436,1.33458177278402,1.427262313860252,1.251745539177657,1.0761518771331058,1.069767441860465,1.0437268752102253,1.0541573749601785,1.0694444444444444,1.1761290322580644
cropping_control,2024-02-01,6,4659,1.3237924865831843,1.2521847690387016,1.3298969072164948,1.191621411947246,1.06740614334471,1.060107334525939,1.0393541876892027,1.047467346288627,1.0533033033033032,1.132258064516129
cropping_control,2024-02-01,7,4515,1.29695885509839,1.2247191011235956,1.2920962199312716,1.1621411947245928,1.068259385665529,1.055098389982111,1.0369996636394214,1.044281618349793,1.049924924924925,1.112258064516129
cropping_control,2024-02-01,8,5251,1.2808586762075134,1.2122347066167292,1.277205040091638,1.1551590380139642,1.0631399317406143,1.0468694096601074,1.0326269761183988,1.0344058617394074,1.052927927927928,1.1083870967741936
cropping_control,2024-02-01,9,4882,1.2504472271914133,1.1947565543071161,1.2617411225658648,1.1462373933281613,1.0593003412969284,1.0511627906976744,1.041372351160444,1.043166613571201,1.0527402402402402,1.0964516129032258
cropping_control,2024-02-01,10,5094,1.2182468694096602,1.1641697877652935,1.2302405498281788,1.1458494957331264,1.0580204778156996,1.042933810375671,1.043390514631685,1.0441223319528512,1.0596846846846846,1.1183870967741936
cropping_control,2024-02-01,11,4113,1.1753130590339893,1.1410736579275904,1.1970217640320733,1.1326609775019394,1.0563139931740615,1.0475849731663684,1.0460813992600067,1.0477859190825103,1.049924924924925,1.103225806451613
cropping_control,2024-02-01,12,3911,1.1556350626118068,1.1161048689138577,1.1855670103092784,1.1249030256012413,1.0584470989761092,1.0493738819320215,1.0477632021527077,1.047467346288627,1.0555555555555556,1.095483870967742
